Question,Answer,NOTE,Ref
แผลจากการผ่าฟันคุดกี่วันหาย,แผลจากการผ่าฟันคุดกี่วันหายแผลจะหายภายใน2สัปดาห์ แต่อาจจะนานขึ้นหากเป็นการผ่าฟันคุดที่ยาก,,
ผ่าฟันคุดอันตรายหรือไม่,อันตรายจากการผ่าฟันคุดนั้นอยู่ในระดับต่ำ,,
หลังการผ่าฟันคุดใส่รีเทนเนอร์ได้ปกติมั้ย,สามารถใส่รีเทนเนอร์ได้ แต่ให้ระมัดระวังรีเทนเนอร์ไปกดบริเวณแผลผ่าฟันคุด ,,
ถ้าฟันคุดใกล้เส้นประสาทอันตรายมากไหม,ไม่มีอันตรายถึงชีวิต เป็นความเสี่ยงที่อาจเกิดอาการชาบริเวณริมฝีปากล่างและคางหลังผ่าฟันคุดได้,,
หลังผ่าฟันคุดแปรงฟันใกล้แผลได้มั้ย,สามารถแปรงฟันได้ตามปกติแต่ควรระมัดระวังบริเวณแผล,,
ต้องประคบร้อนหรือเย็นหลังผ่าฟันคุด, ควรประคบเย็นบริเวณด้านนอกปากบริเวณที่ใกล้แผลผ่าตัด,,
ต้องเตรียมตัวก่อนถอนฟันคุดอย่างไร,คสรปรึกษาแพทย์ก่อนหากมีโรคประจำตัว วัดความดัน ทานอาหารให้เรียบร้อย งดสูบบุหรี่และงดดื่มแอลกอฮอล์,,
การผ่าฟันคุดจะโดนเส้นประสาทมั้ย,,,
ขั้นตอนและวิธีการผ่าฟันคุด,"1. ตรวจสอบลักษณะของฟันด้วยการ X-ray เพื่อวางแผนการรักษา
2. ทันตแพทย์จะทำการฉีดยาชาก่อนทำการถอนหรือผ่า
3. ทำการผ่าฟันคุด
4. ทำความสะอาดแผล
5. ทำการเย็บแผล
6. กัดผ้าก๊อซ
7. ทันตแพทย์จะทำการแนะนำการดูแลตัวเองหลังการผ่าตัดฟันคุด",,
ฟันคุดต้องขึ้นแบบไหนถึงจำเป็นต้องผ่า,ฟันคุดที่มีเหงือกคลุมหรือฟันคุดที่มีกระดูกคลุม,,
สาเหตุฟันคุดเกิดจากอะไรบ้าง,ฟันคุกสามารถเกิดขึ้นได้จากหลายสาเฟตุ เช่นฟันติดอยู่ภายใต้เหงือกหรือใต้แนวกระดูก แนวการงอกหรือรูปร่างของฟันเอียง หรือช่องปากมีพื้นที่ไม่เพียงพอ,,
ความเสี่ยงที่น่าจะเกิดถ้าไม่ถอนฟันคุด,"หากตรวจพบอาการฟันคุดแล้วแต่ปล่อยเอาไว้โดยไม่รักษา อาจเกิดปัญหาต่างๆ ดังนี้
1. เกิดอาการปวดฟันหรือเหงือกเรื้อรัง
2. เกิดอาการปวดหัว
3. ฟันผุ
4. เหงือกอักเสบและติดเชื้อ
5. ส่งผลต่อการเรียงตัวของฟัน
6. ส่งผลกระทบต่อรากฟัน
7. เกิดความผิดปกติบริเวณเยื่อหุ้มฟัน ",,
หลังผ่าฟันคุดต้องประคบเย็นไหม,ใน2วันแรกหลังการผ่าตัด ควรประคบเย็นบริเวณด้านนอกปากบริเวณที่ใกล้แผลผ่าตัด ,,
ถ้าเลือดออกในปากควรจะกลืนหรือถุยทิ้ง,ควรกัดผ้าก๊อซแทนการบ้วนทิ้งหรือกลืน,,
อาการบวมหลังผ่าจะหายเมื่อไหร่,หลังจากที่ผ่าฟันคุดอาจจะมีอาการปวดและบวมที่ทำการผ่าตัดประมาณ 3-5 วัน,,
แผลผ่าฟันคุดใช้เวลานานแค่ไหนกว่าจะแผลแห้ง,แผลจากการผ่าฟันคุดกี่วันหายแผลจะหายภายใน2สัปดาห์ แต่อาจจะนานขึ้นหากเป็นการผ่าฟันคุดที่ยาก,,
หลังผ่าฟันคุดมีกลิ่นปากเหม็นปกติมั้ย,กลิ่นปากอาจเกิดขึ้นได้จากแผลที่กำลังจะหาย เนื้อเยื่อบางส่วนถูกเปลี่ยนแปลงทำให้เกิดกลิ่นไม่พึงประสงค์ได้,,
ฟันคุดจำเป็นต้องผ่าเสมอหรือไม่,ฟันคุดไม่จำเป็นต้องผ่าเสมอไป ถ้าตัวฟันงอกพ้นเหงือกสามารถถอนออกได้,,
ไม่ปวดฟันคุดไม่ถอนได้ไหม,หากมีฟันคุดแต่ยังไม่มีอาการใดๆเช่นอาการปวด ก็ไม่จำเป็นที่จะต้องถอนออก,,
ทำไมบางคนไม่ต้องถอน/ผ่าฟันคุด,หากฟันคุดขึ้นตรงและไม่กระทบอะไรต่อช่องปากก็ไม่จำเป็นต้องเอาออก,,
การทำความสะอาดแผลที่ถูกต้อง,สามารถทำความสะอาดช่องปากได้ตามปกติ และหลีกเลี่ยงการใช้น้ำยาบ้วนปากและการสัมผัสแผล,,
ควรถอนฟันคุดก่อนอายุเท่าไหร่,16-25เป็นช่วงเวลาที่เหมาะกับการผ่าฟันคุด,,
เมื่อไหร่ปากจะหายชา,โดยปกติยาชาจะอยู่ได้นาน2-4ชั่วโมงขึ้นอยู่กับชนิดและปริมาณ,,
มีความจำเป็นหรือไม่ที่ต้องผ่าฟันคุด,เมื่อตรวจพบเจอฟันคุดควรรีบรักษาเพื่อหลีกเลี่ยงอาการเจ็บปวดต่างๆที่อาจจะเกิดขึ้นได้,,
แปลงฟันยังไงหลังผ่าฟันคุด,สามารถแปรงฟันได้ตามปกติโดยระมัดระวังปริเวณแผล หลีกเลี่ยงการใช้น้ำยาบ้วนปากและการสัมผัสแผล,,
ฟันคุดเกิดจากอะไร,ฟันคุดเกิดจากฟันที่่พยายามงอกขึ้นมาเบียดฟันซี่ข้างๆหรือขากรรไกร,,
ผ่าฟันคุดแผลใหญ่ไหม,,,
เมื่อไหร่ยาชาจะหมดฤทธิ์,โดยทั่วไปแล้วยาชาจะอยู่ได้นาน 2-4 ชั่วโมง ขึ้นกับชนิด ปริมาณ และเทคนิคการฉีดยาชา,,
ไหมละลายใช้เวลากี่วันถึงละละลายหมด,ไหมละลายจะสลายหมดไปภายใน 2 สัปดาห์โดยประมาณขึ้นอยู่กับชนิดของไหมละลาย,,
ต้องตัดไหมกี่วันหลังจากผ่าฟันคุด,5-7วันหลังผ่า,,
ข้อห้ามหลังการผ่าฟันคุด,หลังผ่าฟันคุดควรหลีกเลี่ยงการอมน้ำแข็ง  ห้ามบ้วนเลือดและนํ้าลาย งดสูบบุหรี่,,
อาการปวดบวมใช้เวลากี่วันจึงยุบเป็นปกติ,ระยะในการฟื้นตัวจะใช้เวลาประมาณ3-4วันและไม่เกิน2สัปดาห์,,
ผลข้างเคียงหลังการผ่าฟันคุด,หลังผ่าหรือถอนฟันคุดอาจมีอาการบวม ปวด และเลือดออกได้เป็นปกติ,,
ถอนฟันคุดทีละซี่หรือถอนทีเดียวทั้งหมดจะทรมานน้อยกว่ากัน,,,
อาการฟันคุดแบบไหนที่ควรผ่า,ฟันที่ไม่โพลล่ผลเหงือกหรือพ้นเหงือกมาแค่เล็กน้อย หรือมีแนวกระดูกขวาง,,
ผ่าฟันคุดนานแค่ไหน,การผ่าฟันคุดปกติใช้เวลาประมาณ20-60นาที ทั้งนี้ทั้งนั้นขึ้นอยู่กับความยากง่ายของลักษณะฟันอีกด้วย,,
ต้องกัดผ้าก๊อซนานเท่าไหร่,กัดผ่าก๊อซประมาณ1ชั่วโมง,,
ผ่าฟันคุดใช้ยาชากี่เข็ม,การผ่าฟันคุดปกติแล้วใช้ยาชาเฉพาะที่จำนวน1เข็มหรือมากกว่าขึ้นอยู่กับผู่ป่วย,,
ผ่าแล้วต้องกินยาแก้ปวดกี่วัน,สามารถทานยาแก้ปวดได้ในช่วงวันแรกๆ,,
ผ่าก๊อซต้องเปลี่นนทุกๆกี่ชั่วโมง,ทุกๆ30-1ชั่วโมง,,
ถ้าไม่ผ่าฟันคุดในอนาคตจะมีปัญหาอะไรไหม,หากไม่ผ่าฟันคุดออก ผู้ป่วนมีโอกาสเจอปัญหาช่องงปากตามมาได้ตัวอย่างเช่น ความเสี่ยงต่อการเกิดฟันผุที่ฟันกรามซี่ข้างๆ เหงือกอักเสบหรือติดเชื้อ มีกลิ่นปาก ฟันเรียงผิดรูป,,
แผลติดเชื้อมีอาการอย่างไร,อาการติดเชื้อหลังผ่าตัดสามารถสังเกตได้จากการปวดบวมมากขึ้นหลังผ่าประมาณ 3-5 วัน หรือมีหนองเกิดขึ้น,,
ผ่าตัดฟันคุดน่ากลัวและอันตรายหรือไม่,อันตรายจากการผ่าฟันคุดนั้นอยู่ในระดับต่ำ,,
ถ้าหากผู้รับบริการไม่ต้องการผ่าฟันคุดจะมีผลอย่างไรบ้าง,การปล่อยฟันคุดไว้นานๆอาจทำให้เกิดเหงือกอักเสบ ฟันข้างๆผุ และอาจทำลายกระดูกรอบๆ รากฟันส่งผลต่อปัญหารากฟันได้,,
ข้อควรพึงระวังหลังจากทำการรักษา,ไม่ทานอาหารที่ร้อนและเผ็ดหรือของแข็ง,,
ถ้ามีอาการปวดมากกว่าปกติควรกลับไปหาทันตแพทย์หรือไม่,ถ้ามีอาการผิดปกติควรรีบกลับไปพบแพทย์,,
ต้องดูแลบริเวณที่ผ่าฟันคุดยังไง,ไม่บ้วนเลือดและน้ำลาย ไม่สัมผัสบริเวณแผล ประคบนํ้าแข็งบริเวณแก้ม รับประทานอาหารอ่อน และทำความสะอาด,,
สามารถกินอะไรได้บ้าง,สามารถทานอาหารได้ปกติ โดยช่วงอาทิตย์แรกควรทานอาหารอ่อนๆ,,
อาหารที่ควรหลีกเลี่ยง,ควรหลีกเลี่ยนอาหารที่ร้อน แข็ง และมีรสชาติเผ็ด,,
หลังผ่าฟันคุดสามารถกินอะไรได้บ้าง,สามารถทานอาหารได้ปกติ โดยช่วงอาทิตย์แรกควรทานอาหารอ่อนๆ หรืออาหารที่เคี้ยวง่ายไม่ร้อนหรือเย็นจนเกินไป,,
ปวดตรงฟันคุดมากต้องทำอย่างไร,ทานยาแก้ปวดเพื่อบรรเทาอาการปวด,,
ผ่าฟันคุดงดกินข้าวกี่ชั่วโมง,สามารถทานอาหารได้ตามปกติหลังเลือกหยุดไหล,,
อาการหลังผ่าฟันคุด,หลังผ่าฟันคุดจะมีอาการหน้าบวมและปวดบริเวนที่ผ่า มีเลือดไหลและไข้อ่อนๆ,,
ผ่าฟันคุดจะเลือดไหลนานไหม,โดยปกติเลือดจะไหลประมาณ1-2ชั่วโมงหลังผ่าตัด และไหลซึมเล็กน้อยในช่วง24ชั่วโมงแรก,,
ข้อห้ามหลังผ่าฟันคุด,หลีกเลี่ยงการอมน้ำแข็ง อมน้ำ อมเลือดหรือบ้วนน้ำลาย งดสูบบุหรี่ งดดื่มแอลกอฮอล์ หลีกเลี่ยงอาหารรสจัด ห้ามดูดหรือดุนบริเวณแผล,,
ผลข้างเคียงที่อาจเกิดขึ้นได้หลังผ่าฟันคุด,มีอาการปวดบวมบริเวณแผลผ่าตัด อ้าปากได้เล็กน้อย มีเลือดออกบ้าง และผู้ป่วยบางคนอาจจะมีอาการชาเล็ดน้อย,,
อาการหลังผ่าฟันคุดที่ควรไปพบแพทย์,มีไข้หรืออาการของแผลติดเชื้อหลังผ่าตัด มีอากาารปวดบวมมากขึ้นกว่าเดิม,,
หลังผ่าฟันคุด เจ็บแผลมากทำอย่างไร,ประคบเย็นบริเวณที่ปวดควบคู่ไปกับการรับประทานยาที่แพทย์สั่ง,,
ฟันคุดจะหายปวด หลังผ่ากี่ชั่วโมง,ประมาณ3-5 วัน,,
หลังถอนฟันคุดสามารถกินของแข็งได้ไหม,ควรหลีกเลี่ยงการรับประทานของแข็งที่ต้องใช้การเคี้ยวมากๆ,,
มีโอกาสเกิดอาการแทรกซ้อนใดๆหรือไม่ หลังจากได้รับการรักษา,ผู้ป่วยอาจจะมีอาการแทรกซ้อนเกิดขึ้นได้ เช่น มีเลือดออกจากแผล เกิดการอักเสบของแผล และอาจมีอาการชาหลังผ่าฟันคุดได้,,https://www.phyathai.com/th/article/3657-ถาม-ตอบ_8_ข้อสงสัย_ในการถอ
เลือดไหลไม่หยุด ต้องทำอย่างไร,ใช้น้ำแข็งหรือเจลเย็นประคบบริเวณที่ผ่า และไม่บ้วนน้ำหรือน้ำยาบ้วนปาก,,
ผ่าฟันคุดแล้วกินน้ำร้อนได้ไหม,ควรหลีกเลี่ยงการรับประทานหรือดื่มของร้อนจัด,,
ผ่าฟันคุดนานแค่ไหน,การผ่าฟันคุดโดยปกติใช้เวลาประมาณ 20-45 นาที ขึ้นอยู่กับความยากง่าย,,
ผ่าฟันคุดแล้วดื่มแอลกอฮอล์ได้มั้ย,หลังผ่าฟันคุดควรหลีกเลี่ยงการดื่มแอลกอฮอล์จนกว่าแผลจะหายสนิด,,
ถ้ายาชาหายแผลจะเจ็บมั้ย,มักจะมีอาการปวดบ้างหลังยาชาหมดฤทธิ์,,
กัดผ้าก๊อซแล้วแต่ยังมีเลือดซึมต้องทำยังไง,ควรกัดผ้าก๊อซใหม่ที่สะอาดไปอีก1ชั่วโมงและประคบเย็นบริเวณแผลผ่าตัด,,
หลังผ่าฟันคุด มีกลิ่นปากเหม็นปกติมั้ย,อาจจะกลิ่นปากได้จากการสะสมของเศษอาหารและของเสียต่าง,,
ไหมละลายใช้เวลากี่วันถึงละละลายหมด,โดยทั่วไปไหมละลายใช้เวลาประมาณ2-3สัปดาห์,,
กี่วันถึงจะกินของเผ็ดได้,ประมาณ1อาทิตย์หลังผ่าตัด,,
อาการใดถึงเรียกว่าผิดปกติหลังจากได้รับการรักษา,มีอาการปวดบวมผิดปกติ ร่วมกับมีอาการอ้าปากลำบาก และ/หรือร่วมกับอาการกลืนลำบาก,,
ความแตกต่างระหว่างถอนฟันคุดกับผ่าฟันคุด,การนำฟันคุดออกมี 2 วิธี คือการถอนฟันและการผ่าตัดฟันคุด ถ้าฟันคุดโผล่ขึ้นมาเต็มซี่รักษาด้วยถอนได้ เเต่ถ้าเป็นฟันคุดที่มีเหงือกปกคลุมหรือฟันคุดอยู่ลึกใต้ขากรรไกรต้องทำการผ่าตัด,,
ฟันคุดแบบไหนที่ต้องผ่า,ฟันคุดที่มีเหงือกหรือกระดูกคลุม,,
ถอนฟันคุดทีเดียว4ซี่เลยได้ไหม,สามารถทำได้ ซึ่งอยู่การพิจารณาตามสภาวะทั่วไปของผู้ป่วยโดยทันตแพทย์ผู้ทำการรักษา,,
วิธีแก้อาการปวดฟันคุดทำยังไง,สามารุทานยาแก้ปวดเพื่อบรรเทาอาการปวดได้ และควรพนทันตแพทย์เพื่อทำการรักาาด้วยการถอนหรือผ่าออกในทันที,,
ปวดฟันคุดกินยาช่วยได้ไหม,การทานยาแก้ปวดสามารถช่วยบรรเทาอาการปวดได้แค่ชั่วคราวเท่านั้น,,
ฟันคุดคืออะไร,ฟันคุดคือฟันที่ไม่สามารถเติบโตได้ตามปกติในช่องปาก,,
ฟันคุดมีกี่ซี่,ฟันคุดจะมีทั้งหมด 4 ซี่ มักเกิดที่ฟันกรามด้วนในสุดของช่องปากทั้งบนและล่างในฝั่งซ้ายและขวา,,
ฟันคุดต้องถอนหรือผ่า,ขึ้นอยู่กับฟันคุดที่พบมีลักษณะอย่างไร,,
,,,
,,,
,,,
Answered,76,,