question,class
อะไรคือการถอนฟัน,0
การถอนฟันคืออะไร,0
คำว่าการถอนฟันหมายถึงอะไร,0
การถอนฟัน ในทางทันตกรรมหมายถึงอะไร,0
การถอนฟันมีความหมายเชิงการแพทย์อย่างไร,0
"ในมุมมองทันตแพทย์, คำว่า การถอนฟัน สื่อถึงสิ่งใด",0
การถอนฟันคือกระบวนการอะไร,0
การถอนฟันหมายถึงอะไร,0
การถอนฟันมีความหมายอย่างไร,0
การถอนฟันหมายถึงอะไร,0
การถอนฟันมีความหมายเป็นอย่างไร,0
อะไรคือการถอนฟันในทางทฤษฎี,0
ความปวดระหว่างการถอนฟัน,0
เวลาในการฟื้นตัวหลังการถอนฟัน,0
การถอนฟันหมายถึงการสูญเสียฟันใช่หรือไม,0
การถอนฟันช่วยอะไรได้บ้าง,1
ประโยชน์ที่สำคัญที่สุดของการถอนฟันคืออะไร,1
ข้อดีของการถอนฟันมีอะไรบ้าง,1
ถอนฟันแล้วจะช่วยให้สุขภาพช่องปากดีขึ้นได้อย่างไร,1
ถอนฟันช้วยลดโอกาศเกิดฟันผุได้ไหม,1
การถอนฟันมีผลดีอย่างไร,1
ถอนฟันมีข้อดีอะไร,1
มีประโยชน์จากการถอนฟันไหม,1
การถอนฟันมีความสำคัญอย่างไรต่อสุขภาพทั่วไป,1
การถอนฟันมีประโยชน์อะไรบ้าง,1
การถอนฟันมีข้อดีต่างๆอย่างไร,1
การถอนฟันส่งผลดีต่ออะไรบ้าง,1
มีประโยชน์อะไรบ้างที่เกิดขึ้นจากการทำการถอนฟัน,1
ข้อดีของการถอนฟันมีสิ่งไหนบ้างที่ควรรู้,1
การทำการถอนฟันมีผลลัพธ์ทางสุขภาพอย่างไร,1
ถอนฟันมีข้อดีอย่างไร,1
การถอนฟันมีประโยชน์อะไรที่สำคัญ,1
ข้อดีของการถอนฟันมีประการไหนบ้าง,1
ข้อดีของการถอนฟันคืออะไร,1
การถอนฟันประโยชน์หรือไม่,1
การถอนฟันมีข้อดีอะไรบ้าง ,1
การถอนฟันมีประโยชน์อะไรบ้าง?,1
ประโยชน์ของการถอนฟันคืออะไร,1
อะไรคือข้อดีของการถอนฟัน,1
ถอนฟันมีข้อดีไหม,1
อะไรคือประโยชน์ของการถอนฟัน,1
การถอนฟันสามารถแก้ไขฟันที่มีปัญหาร้ายแรงหรือไม่สามารถรักษาได้หรือไม่,1
การถอนฟันช่วยป้องกันการระบายเชื้อโรคได้มั้ย,1
การถอนฟันมีข้อเสียอะไรบ้าง ,2
การถอนฟันมีปัญหาอะไรบ้าง?,2
ข้อเสียของการถอนฟันคืออะไร,2
อะไรคือข้อเสียของการถอนฟัน,2
ถอนฟันมีข้อด้อยไหม,2
การถอนฟันมีข้อด้อยอะไรบ้าง,2
อะไรคือข้อด้อยของการถอนฟัน,2
ข้อด้อยของการถอนฟันมีอะไรบ้าง,2
การถอนฟันมีผลกระทบทางด้านอะไรบ้าง,2
การถอนฟันส่่งผลทางลบอย่างไรบ้าง,2
การถอนฟันมีผลกระทบทางลบไหม,2
การถอนฟันมีผลเสียอย่างไร,2
ถอนฟันมีข้อเสียอะไรบ้าง,2
มีข้อเสียจากการถอนฟันไหม,2
การถอนฟันมีผลเสียอย่างไรต่อสุขภาพทั่วไป,2
การถอนฟันมีข้อเสียต่างๆอย่างไร,2
การถอนฟันส่งผลลบต่ออะไรบ้าง,2
การถอนฟันสามารถทำให้เกิดปัญหาอะไรบ้างไหม,2
มีข้อเสียไหนที่ต้องพิจารณาบ้างไหม,2
ถอนฟันแล้วมีผลเสียไหม,2
การถอนฟันมีความเสี่ยงอะไรบ้าง,3
การถอนฟันนั้นมีความเสี่ยงอะไรบ้างที่ต้องพิจารณา,3
การถอนฟันมีความเสี่ยงไหม,3
ความเสี่ยงที่เป็นไปได้จากการถอนฟันมีอะไรบ้าง,3
การถอนฟันนั้นสามารถทำให้เกิดความเสี่ยงไหม,3
ความเสี่ยงที่เป็นไปได้หลังถอนฟันมีอะไรบ้าง,3
มีโอกาสเกิดอาการแทรกซ้อนใดๆหรือไม่ หลังจากถอนฟัน,3
อาการใดถึงเรียกว่าผิดปกติหลังจากถอนฟัน,3
แผลติดเชื้อมีอาการอย่างไร,3
ความเสี่ยงที่น่าจะเกิดจากการถอนฟัน,3
ความเสี่ยงของการถอนฟันคืออะไร,3
ปัจจัยเสี่ยงที่อาจเกิดภายหลังการถอนฟัน,3
ผลข้างเคียงของการถอนฟันคืออะไร,3
ผลข้างเคียงของการถอนฟันมีอะไรบ้าง,3
การทำถอนฟันสามารถทำให้เกิดความเสี่ยงอย่างไร,3
ความเสี่ยงจากการถอนฟันมีอะไรบ้าง,3
ถอนฟันสามารถสร้างความเสี่ยงใดได้บ้าง,3
ถอนฟันอาจทำให้เกิดความเสี่ยงใดบ้าง,3
มีความเสี่ยงอะไรบ้างที่เกิดจากการถอนฟัน,3
ถอนฟันสามารถสร้างความเสี่ยงใดได้บ้าง,3
หลังจากถอนฟันมีความเสี่ยงต่อการติดเชื้อได้หรือไม่,3
การทำถอนฟันสามารถทำให้เกิดความเสี่ยงอย่างไร,3
การถอนฟันสามารถเสี่ยงให้เกิดปัญหาอะไรบ้าง,3
มีโอกาสเกิดอาการแทรกซ้อนใดๆหรือไม่ ,3
อาการข้างเคียงที่สามารถพบได้หลังจากถอนฟัน,3
จะมีผลอะไรตามมาจากการถอนฟันไหม,3
ปัญหาที่พบได้บ่อยภายหลังการถอนฟัน,3
มีการตรวจสอบสุขภาพทั่วไปก่อนการถอนฟันหรือไม่,3
้ขั้นตอนในการดูแลแผลหลังการถอนฟันมีอะไรบ้าง,3
วิธีลดความปวดหลังถอนฟัน,3
มีวิธีการป้องกันการติดเชื้อหลังถอนฟันไหม,3
การถอนฟันมีความเสี่ยงในการติดเชื้อหลังถอนหรือไม่,3
มีวิธีการดูแลรักษาที่ถูกต้องสามารถลดความเสี่ยงได้ไหม,3
ถอนฟันเจ็บไหม,4
หลังถอนฟันต้องดูแลแผลอย่างไร,4
หลังถอนฟันต้องแปรงฟันใกล้แผลมั้ย,4
หลังถอนฟันสามารถแปรงฟันได้ปกติไหม,4
หลังถอนฟันต้องกินยาแก้ปวดไหม,4
หลังถอนฟันต้องกินยาแก้ปวดถึงตอนไหน,4
หลังถอนฟันนานไหมกว่าเลือดจะหยุดไหล,4
แผลจากการถอนฟันกี่วันหาย,4
ผ่าก๊อซต้องเปลี่ยนทุกๆกี่ชั่วโมง,4
การดูแลรักษาหลังถอนฟันคืออะไร,4
วิธีการดูแลแผลหลังถอนฟัน,4
คำแนะนำหลังถอนฟันมีอะไรบ้าง,4
หลังถอนฟันต้องกัดผ้าก๊อซนานขนาดไหน,4
แผลจากการถอนฟันจะเจ็บกี่วัน,4
หลังถอนฟันสามารถกินของแข็งได้ไหม,4
หลังถอนฟันต้องกินน้ำเย็นหรือน้ำร้อน,4
หลังถอนฟันทานอะไรได้เมื่อไหร่,4
หลังถอนฟันนานไหมกว่าเลือดจะหยุดไหล,4
ถอนฟันสามารถกินอะไรได้บ้าง,4
ถอนฟันแล้วดูแลตัวเองอย่างไรดี,4
แผลจากการถอนฟันกี่วันหาย,4
ข้อควรพึงระวังหลังจากถอนฟัน,4
แปลงฟันยังไงหลังถอนฟัน,4
ผ่าก๊อซต้องเปลี่ยนทุกๆกี่ชั่วโมง,4
ต้องประคบร้อนหรือเย็นหลังถอนฟัน,4
หลังถอนฟันต้องประคบเย็นไหม,4
หลังถอนฟันต้องประคบเย็นยังไง,4
ถอนฟันแล้วแปรงฟันปกติได้ไหม,4
ต้องตัดไหมกี่วันหลังถอนฟัน,4
ถอนฟันต้องกินยาแก้ปวดไหม,4
ยาชากี่ชั่วโมงหมดฤทธิ์,4
ถอนฟันแล้วดูแลตัวเองอย่างไร,4
วิธีการปฏิบัติตัวหลังถอนฟัน,4
ข้อปฏิบัติภายหลังการถอนฟันมีอะไรบ้าง,4
ข้อควรระวังหลังการถอนฟัน,4
หลังถอนฟันควรระวังอะไร,4
เวลาในการฟื้นตัวหลังการถอนฟัน,4
หลังการถอนฟันต้องดูแลแผลอย่างไร,4
หลังการถอนฟันควรหลีกเลี่ยงการกินอะไร,4
หลังการถอนฟันควรหลีกเลี่ยงการดื่มอะไร,4
ข้อควรระวังหลังการถอนฟัน,4
หลังถอนฟันกี่วันควรกลับไปพบแพทย์,4
หลังถอนฟันกัดผ้าก๊อซแล้วแต่ยังมีเลือดซึมต้องทำยังไง,4
ขั้นตอนในการดูแลแผลหลังการถอนฟันมีอะไรบ้าง,4
ควรทำอย่างไรเพื่อป้องกันการติดเชื้อในแผล,4
มีข้อควรระวังหรือข้อจำกัดในการดูแลรักษาหลังการถอนฟันไหม,4
วิธีทำความสะอาดช่องปากที่เหมาะสมหลังถอนฟัน,4
ถอนฟันอันตรายไหม,4
ข้อควรระวังหลังถอนฟันมีอะไรบ้าง,5
หลังถอนฟันสามารถกินของแข็งได้ไหม,5
ข้อห้ามหลังการถอนฟัน,5
หลังถอนฟันต้องกินน้ำเย็นหรือน้ำร้อน,5
หลังถอนฟันทานอะไรได้เมื่อไหร่,5
ถอนฟันสามารถกินอะไรได้บ้าง,5
อาหารที่ควรหลีกเลี่ยงเมื่อถอนฟัน,5
ทำไมถอนฟันแล้วไม่ควรกินอาหารร้อนหรือเผ็ด,5
ข้อควรพึงระวังหลังจากถอนฟัน,5
ถอนฟันมาแล้วสามารถดื่มแอลกอฮอล์ได้มั้ย,5
ผ่าก๊อซต้องเปลี่ยนทุกๆกี่ชั่วโมง,5
ถอนฟันแล้วกี่วันถึงจะกินของเผ็ดได้,5
หลังถอนฟันมีอาหารอะไรที่ควรหลีกเลี่ยง,5
หลังถอนฟันสามารถกินของแข็งได้ไหม,5
ถอนฟันแล้วกินน้ำร้อนได้ไหม,5
หลังถอนฟันดื่มแอลกอฮอล์ได้มั้ย,5
กี่วันถึงจะกินของเผ็ดได้,5
ถอนฟันแล้วจะกินข้าวไม่ได้กี่วัน,5
หลังถอนฟันควรหลีกเลี่ยงอาหารหรือเครื่องดื่มอะไรบ้าง,5
ถอนฟันแล้วสูบบุหรี่ได้ไหม,5
ถอนฟันแล้วมีข้อห้ามอะไรบ้าง,5
หลังถอนฟันสามารถออกกำลังกายได้ไหม,5
หลังถอนฟันสามารถแปรงฟันปกติได้ไหม,5
ถ้ามีอาการปวดมากกว่าปกติควรกลับไปหาทันตแพทย์หรือไม่,5
สามารถใช้น้ำยาบ้วนปากได้ไหม,5
ถ้าปวดสามารถกดยาพาราได้ไหม,5
ต้องกินอาหารอ่อนกี่วัน,5
หลังถอนฝันควรเลี่ยงทานอาหารอะไรไหม,5
มีข้อควรระวังในการกินและดื่มหลังถอนฟันมั้ย,5
สามารถบ้วนน้ำได้ไหม,5
การถอนฟันต้องฉีดยาชาไหม,5
ก่อนถอนฟันต้องทำอย่างไรบ้าง,6
การเตรียมตัวก่อนถอนฟันมีอะไรบ้าง,6
ขั้นตอนการเตรียมตัวก่อนถอนฟันมีอะไรบ้าง,6
อาหารที่ควรหลีกเลี่ยงก่อนฟัน,6
การเตรียมตัวก่อนเข้ารับการถอนฟันมีอะไรบ้าง,6
ต้องเตรียมตัวก่อนถอนฟันอย่างไร,6
ข้อห้ามก่อนการถอนฟัน,6
ก่อนถอนฟันต้องงดอาหารกี่ชั่วโมง,6
ก่อนถอนฟันต้องมีการปรึกษากับทันตแพทย์ไหม,6
การเตรียมตัวที่ควรทำก่อนการถอนฟัน,6
ก่อนถอนฟันต้องทำอะไรบ้าง,6
ทำไมบางครั้งถึงต้องถอนฟัน,7
สาเหตุหลักที่ทำให้ต้องถอนฟันคืออะไร,7
ฟันมีปัญหาอะไรบ้างถึงต้องถอน,7
สาเหตุที่ต้องถอนฟันมีอะไรบ้าง,7
ทำไมต้องถอนฟัน,7
ถอนฟันจำเป็นต้องทำหรือไม่?,7
อาการที่บ่งบอกว่าถึงเวลาที่ต้องถอนฟัน,7
ฟันผุสามารถกรอหรืออุดแทนถอนฟันได้มั้ย,7
ฟันผุขนาดไหนถึงต้องถอนออก,7
ดูแลสุขภาพช่องปากอย่างไรให้แข็งแรง ไม่ฟันเสียจนต้องถอนฟัน,7
อาการแบบไหนถึงต้องถอนฟัน,7
ปวดฟันแล้วต้องถอนฟันไหม,7
เหตุใดที่จำเป็นต้องทำการถอนฟัน,7
ฟันต้องมีปัญหามากขนาดไหนถึงจะตเองถอนออก,7
ทำไมบางครั้งการรักษาฟันไม่สามารถแก้ไขได้และต้องถอนออก,7
การถอนฟันมีความจำเป็นมากข้อยขนาดไหน,7
สามารถถอนฟันเองได้ไหม,7