question,class
อะไรคือการถอนฟัน,0
การถอนฟันคืออะไร,0
คำว่าการถอนฟันหมายถึงอะไร,0
การถอนฟัน ในทางทันตกรรมหมายถึงอะไร,0
การถอนฟันมีความหมายเชิงการแพทย์อย่างไร,0
"ในมุมมองทันตแพทย์, คำว่า การถอนฟัน สื่อถึงสิ่งใด",0
การถอนฟันคือกระบวนการอะไร,0
การถอนฟันหมายถึงอะไร,0
การถอนฟันมีความหมายอย่างไร,0
การถอนฟันหมายถึงอะไร,0
การถอนฟันมีความหมายเป็นอย่างไร,0
อะไรคือการถอนฟันในทางทฤษฎี,0
ความปวดระหว่างการถอนฟัน,0
เวลาในการฟื้นตัวหลังการถอนฟัน,0
การถอนฟันหมายถึงการสูญเสียฟันใช่หรือไม,0
การถอนฟันช่วยอะไรได้บ้าง,1
ประโยชน์ที่สำคัญที่สุดของการถอนฟันคืออะไร,1
ข้อดีของการถอนฟันมีอะไรบ้าง,1
ถอนฟันแล้วจะช่วยให้สุขภาพช่องปากดีขึ้นได้อย่างไร,1
ถอนฟันช้วยลดโอกาศเกิดฟันผุได้ไหม,1
การถอนฟันมีผลดีอย่างไร,1
ถอนฟันมีข้อดีอะไร,1
มีประโยชน์จากการถอนฟันไหม,1
การถอนฟันมีความสำคัญอย่างไรต่อสุขภาพทั่วไป,1
การถอนฟันมีประโยชน์อะไรบ้าง,1
การถอนฟันมีข้อดีต่างๆอย่างไร,1
การถอนฟันส่งผลดีต่ออะไรบ้าง,1
มีประโยชน์อะไรบ้างที่เกิดขึ้นจากการทำการถอนฟัน,1
ข้อดีของการถอนฟันมีสิ่งไหนบ้างที่ควรรู้,1
การทำการถอนฟันมีผลลัพธ์ทางสุขภาพอย่างไร,1
ถอนฟันมีข้อดีอย่างไร,1
การถอนฟันมีประโยชน์อะไรที่สำคัญ,1
ข้อดีของการถอนฟันมีประการไหนบ้าง,1
ข้อดีของการถอนฟันคืออะไร,1
การถอนฟันประโยชน์หรือไม่,1
การถอนฟันมีข้อดีอะไรบ้าง ,1
การถอนฟันมีประโยชน์อะไรบ้าง?,1
ประโยชน์ของการถอนฟันคืออะไร,1
อะไรคือข้อดีของการถอนฟัน,1
ถอนฟันมีข้อดีไหม,1
อะไรคือประโยชน์ของการถอนฟัน,1
การถอนฟันสามารถแก้ไขฟันที่มีปัญหาร้ายแรงหรือไม่สามารถรักษาได้หรือไม่,1
การถอนฟันช่วยป้องกันการระบายเชื้อโรคได้มั้ย,1
การถอนฟันมีข้อเสียอะไรบ้าง ,2
การถอนฟันมีปัญหาอะไรบ้าง?,2
ข้อเสียของการถอนฟันคืออะไร,2
อะไรคือข้อเสียของการถอนฟัน,2
ถอนฟันมีข้อด้อยไหม,2
การถอนฟันมีข้อด้อยอะไรบ้าง,2
อะไรคือข้อด้อยของการถอนฟัน,2
ข้อด้อยของการถอนฟันมีอะไรบ้าง,2
การถอนฟันมีผลกระทบทางด้านอะไรบ้าง,2
การถอนฟันส่่งผลทางลบอย่างไรบ้าง,2
การถอนฟันมีผลกระทบทางลบไหม,2
การถอนฟันมีผลเสียอย่างไร,2
ถอนฟันมีข้อเสียอะไรบ้าง,2
มีข้อเสียจากการถอนฟันไหม,2
การถอนฟันมีผลเสียอย่างไรต่อสุขภาพทั่วไป,2
การถอนฟันมีข้อเสียต่างๆอย่างไร,2
การถอนฟันส่งผลลบต่ออะไรบ้าง,2
การถอนฟันสามารถทำให้เกิดปัญหาอะไรบ้างไหม,2
มีข้อเสียไหนที่ต้องพิจารณาบ้างไหม,2
ถอนฟันแล้วมีผลเสียไหม,2
การถอนฟันมีความเสี่ยงอะไรบ้าง,3
การถอนฟันนั้นมีความเสี่ยงอะไรบ้างที่ต้องพิจารณา,3
การถอนฟันมีความเสี่ยงไหม,3
ความเสี่ยงที่เป็นไปได้จากการถอนฟันมีอะไรบ้าง,3
การถอนฟันนั้นสามารถทำให้เกิดความเสี่ยงไหม,3
ความเสี่ยงที่เป็นไปได้หลังถอนฟันมีอะไรบ้าง,3
มีโอกาสเกิดอาการแทรกซ้อนใดๆหรือไม่ หลังจากถอนฟัน,3
อาการใดถึงเรียกว่าผิดปกติหลังจากถอนฟัน,3
แผลติดเชื้อมีอาการอย่างไร,3
ความเสี่ยงที่น่าจะเกิดจากการถอนฟัน,3
ความเสี่ยงของการถอนฟันคืออะไร,3
ปัจจัยเสี่ยงที่อาจเกิดภายหลังการถอนฟัน,3
ผลข้างเคียงของการถอนฟันคืออะไร,3
ผลข้างเคียงของการถอนฟันมีอะไรบ้าง,3
การทำถอนฟันสามารถทำให้เกิดความเสี่ยงอย่างไร,3
ความเสี่ยงจากการถอนฟันมีอะไรบ้าง,3
ถอนฟันสามารถสร้างความเสี่ยงใดได้บ้าง,3
ถอนฟันอาจทำให้เกิดความเสี่ยงใดบ้าง,3
มีความเสี่ยงอะไรบ้างที่เกิดจากการถอนฟัน,3
ถอนฟันสามารถสร้างความเสี่ยงใดได้บ้าง,3
หลังจากถอนฟันมีความเสี่ยงต่อการติดเชื้อได้หรือไม่,3
การทำถอนฟันสามารถทำให้เกิดความเสี่ยงอย่างไร,3
การถอนฟันสามารถเสี่ยงให้เกิดปัญหาอะไรบ้าง,3
มีโอกาสเกิดอาการแทรกซ้อนใดๆหรือไม่ ,3
อาการข้างเคียงที่สามารถพบได้หลังจากถอนฟัน,3
จะมีผลอะไรตามมาจากการถอนฟันไหม,3
ปัญหาที่พบได้บ่อยภายหลังการถอนฟัน,3
มีการตรวจสอบสุขภาพทั่วไปก่อนการถอนฟันหรือไม่,3
้ขั้นตอนในการดูแลแผลหลังการถอนฟันมีอะไรบ้าง,3
วิธีลดความปวดหลังถอนฟัน,3
มีวิธีการป้องกันการติดเชื้อหลังถอนฟันไหม,3
การถอนฟันมีความเสี่ยงในการติดเชื้อหลังถอนหรือไม่,3
มีวิธีการดูแลรักษาที่ถูกต้องสามารถลดความเสี่ยงได้ไหม,3
ถอนฟันเจ็บไหม,4
หลังถอนฟันต้องดูแลแผลอย่างไร,4
หลังถอนฟันต้องแปรงฟันใกล้แผลมั้ย,4
หลังถอนฟันสามารถแปรงฟันได้ปกติไหม,4
หลังถอนฟันต้องกินยาแก้ปวดไหม,4
หลังถอนฟันต้องกินยาแก้ปวดถึงตอนไหน,4
หลังถอนฟันนานไหมกว่าเลือดจะหยุดไหล,4
แผลจากการถอนฟันกี่วันหาย,4
ผ่าก๊อซต้องเปลี่ยนทุกๆกี่ชั่วโมง,4
การดูแลรักษาหลังถอนฟันคืออะไร,4
วิธีการดูแลแผลหลังถอนฟัน,4
คำแนะนำหลังถอนฟันมีอะไรบ้าง,4
หลังถอนฟันต้องกัดผ้าก๊อซนานขนาดไหน,4
แผลจากการถอนฟันจะเจ็บกี่วัน,4
หลังถอนฟันสามารถกินของแข็งได้ไหม,4
หลังถอนฟันต้องกินน้ำเย็นหรือน้ำร้อน,4
หลังถอนฟันทานอะไรได้เมื่อไหร่,4
หลังถอนฟันนานไหมกว่าเลือดจะหยุดไหล,4
ถอนฟันสามารถกินอะไรได้บ้าง,4
ถอนฟันแล้วดูแลตัวเองอย่างไรดี,4
แผลจากการถอนฟันกี่วันหาย,4
ข้อควรพึงระวังหลังจากถอนฟัน,4
แปลงฟันยังไงหลังถอนฟัน,4
ผ่าก๊อซต้องเปลี่ยนทุกๆกี่ชั่วโมง,4
ต้องประคบร้อนหรือเย็นหลังถอนฟัน,4
หลังถอนฟันต้องประคบเย็นไหม,4
หลังถอนฟันต้องประคบเย็นยังไง,4
ถอนฟันแล้วแปรงฟันปกติได้ไหม,4
ต้องตัดไหมกี่วันหลังถอนฟัน,4
ถอนฟันต้องกินยาแก้ปวดไหม,4
ยาชากี่ชั่วโมงหมดฤทธิ์,4
ถอนฟันแล้วดูแลตัวเองอย่างไร,4
วิธีการปฏิบัติตัวหลังถอนฟัน,4
ข้อปฏิบัติภายหลังการถอนฟันมีอะไรบ้าง,4
ข้อควรระวังหลังการถอนฟัน,4
หลังถอนฟันควรระวังอะไร,4
เวลาในการฟื้นตัวหลังการถอนฟัน,4
หลังการถอนฟันต้องดูแลแผลอย่างไร,4
หลังการถอนฟันควรหลีกเลี่ยงการกินอะไร,4
หลังการถอนฟันควรหลีกเลี่ยงการดื่มอะไร,4
ข้อควรระวังหลังการถอนฟัน,4
หลังถอนฟันกี่วันควรกลับไปพบแพทย์,4
หลังถอนฟันกัดผ้าก๊อซแล้วแต่ยังมีเลือดซึมต้องทำยังไง,4
ขั้นตอนในการดูแลแผลหลังการถอนฟันมีอะไรบ้าง,4
ควรทำอย่างไรเพื่อป้องกันการติดเชื้อในแผล,4
มีข้อควรระวังหรือข้อจำกัดในการดูแลรักษาหลังการถอนฟันไหม,4
วิธีทำความสะอาดช่องปากที่เหมาะสมหลังถอนฟัน,4
ถอนฟันอันตรายไหม,4
ข้อควรระวังหลังถอนฟันมีอะไรบ้าง,5
หลังถอนฟันสามารถกินของแข็งได้ไหม,5
ข้อห้ามหลังการถอนฟัน,5
หลังถอนฟันต้องกินน้ำเย็นหรือน้ำร้อน,5
หลังถอนฟันทานอะไรได้เมื่อไหร่,5
ถอนฟันสามารถกินอะไรได้บ้าง,5
อาหารที่ควรหลีกเลี่ยงเมื่อถอนฟัน,5
ทำไมถอนฟันแล้วไม่ควรกินอาหารร้อนหรือเผ็ด,5
ข้อควรพึงระวังหลังจากถอนฟัน,5
ถอนฟันมาแล้วสามารถดื่มแอลกอฮอล์ได้มั้ย,5
ผ่าก๊อซต้องเปลี่ยนทุกๆกี่ชั่วโมง,5
ถอนฟันแล้วกี่วันถึงจะกินของเผ็ดได้,5
หลังถอนฟันมีอาหารอะไรที่ควรหลีกเลี่ยง,5
หลังถอนฟันสามารถกินของแข็งได้ไหม,5
ถอนฟันแล้วกินน้ำร้อนได้ไหม,5
หลังถอนฟันดื่มแอลกอฮอล์ได้มั้ย,5
กี่วันถึงจะกินของเผ็ดได้,5
ถอนฟันแล้วจะกินข้าวไม่ได้กี่วัน,5
หลังถอนฟันควรหลีกเลี่ยงอาหารหรือเครื่องดื่มอะไรบ้าง,5
ถอนฟันแล้วสูบบุหรี่ได้ไหม,5
ถอนฟันแล้วมีข้อห้ามอะไรบ้าง,5
หลังถอนฟันสามารถออกกำลังกายได้ไหม,5
หลังถอนฟันสามารถแปรงฟันปกติได้ไหม,5
ถ้ามีอาการปวดมากกว่าปกติควรกลับไปหาทันตแพทย์หรือไม่,5
สามารถใช้น้ำยาบ้วนปากได้ไหม,5
ถ้าปวดสามารถกดยาพาราได้ไหม,5
ต้องกินอาหารอ่อนกี่วัน,5
หลังถอนฝันควรเลี่ยงทานอาหารอะไรไหม,5
มีข้อควรระวังในการกินและดื่มหลังถอนฟันมั้ย,5
สามารถบ้วนน้ำได้ไหม,5
การถอนฟันต้องฉีดยาชาไหม,5
ก่อนถอนฟันต้องทำอย่างไรบ้าง,6
การเตรียมตัวก่อนถอนฟันมีอะไรบ้าง,6
ขั้นตอนการเตรียมตัวก่อนถอนฟันมีอะไรบ้าง,6
อาหารที่ควรหลีกเลี่ยงก่อนฟัน,6
การเตรียมตัวก่อนเข้ารับการถอนฟันมีอะไรบ้าง,6
ต้องเตรียมตัวก่อนถอนฟันอย่างไร,6
ข้อห้ามก่อนการถอนฟัน,6
ก่อนถอนฟันต้องงดอาหารกี่ชั่วโมง,6
ก่อนถอนฟันต้องมีการปรึกษากับทันตแพทย์ไหม,6
การเตรียมตัวที่ควรทำก่อนการถอนฟัน,6
ก่อนถอนฟันต้องทำอะไรบ้าง,6
ทำไมบางครั้งถึงต้องถอนฟัน,7
สาเหตุหลักที่ทำให้ต้องถอนฟันคืออะไร,7
ฟันมีปัญหาอะไรบ้างถึงต้องถอน,7
สาเหตุที่ต้องถอนฟันมีอะไรบ้าง,7
ทำไมต้องถอนฟัน,7
ถอนฟันจำเป็นต้องทำหรือไม่?,7
อาการที่บ่งบอกว่าถึงเวลาที่ต้องถอนฟัน,7
ฟันผุสามารถกรอหรืออุดแทนถอนฟันได้มั้ย,7
ฟันผุขนาดไหนถึงต้องถอนออก,7
ดูแลสุขภาพช่องปากอย่างไรให้แข็งแรง ไม่ฟันเสียจนต้องถอนฟัน,7
อาการแบบไหนถึงต้องถอนฟัน,7
ปวดฟันแล้วต้องถอนฟันไหม,7
เหตุใดที่จำเป็นต้องทำการถอนฟัน,7
ฟันต้องมีปัญหามากขนาดไหนถึงจะตเองถอนออก,7
ทำไมบางครั้งการรักษาฟันไม่สามารถแก้ไขได้และต้องถอนออก,7
การถอนฟันมีความจำเป็นมากข้อยขนาดไหน,7
สามารถถอนฟันเองได้ไหม,7
อะไรฬคือการถอนขฟัน,0
อะไราคือการถงอนฟัน,0
อะไคือารถอนฟัน,0
อะรคือการอนฟัน,0
ะอไรคืกอารถอนฟัน,0
อไะรคือการถอฟนัน,0
อธิบายกระบวนการสกัดฟัน,0
คำจำกัดความของการสกัดฟันคืออะไร,0
คุณสามารถอธิบายกระบวนการสกัดฟันได้หรือไม่,0
คุณจะกำหนดการสกัดฟันได้อย่างไร,0
คุณช่วยชี้แจงความหมายของคำว่า การกำจัดฟัน ได้หรือไม่,0
การนถอนฟันคืออะไผร,0
การถฃอนฟันคืออะไสร,0
การถนฟันคืออะไ,0
กาถอนฟันคือะไร,0
การถนอฟันคือะอไร,0
การถนอฟันคืออไะร,0
อธิบายกระบวนการสกัดฟัน,0
คำจำกัดความของการสกัดฟันคืออะไร,0
คุณสามารถอธิบายกระบวนการสกัดฟันได้หรือไม่,0
คุณจะกำหนดการสกัดฟันได้อย่างไร,0
คุณช่วยชี้แจงความหมายของคำว่า การกำจัดฟัน ได้หรือไม่,0
คำว่าการถอนคฟันหมาฏยถึงอะฅไร,0
คำว่าการถอฦนฟันฟหมายถึงอะไฆร,0
คำว่ากาถอนฟันหมายึงอะร,0
คำว่าการถอฟันหมายึงอะไ,0
คำว่าการถนอฟันมหายถึงอไะร,0
คำว่กาารถอนฟันหมาถยึองะไร,0
คุณมุ่งมั่นที่จะบรรลุเป้าหมายอะไรโดยการถอดฟันของคุณ,0
เป้าหมายของคุณคือการดึงฟันออกจากวัสดุที่คุณเลือก,0
คุณต้องการลบฟันไหน,0
ความตั้งใจของคุณในการกำจัดฟันคืออะไร,0
สิ่งที่คุณต้องการลบออกจากฟันของคุณ,0
กาดรถอนฟันในทางทันตกรวรมหมายถึงอูะไร,0
ึการถอนฟันนในทางทันตกรรมหมายถึบงอะไร,0
การอนฟันในทางทันตกรรมหมายึงอไร,0
การถอนฟันในทงทันกรรมหมายถึงอไร,0
กาถรอนฟันในทงาทันตกรรมหมาถยึงอะไร,0
การอถนฟันในาทงทันตกรรมหมายถึงอไะร,0
การสกัดทันตกรรมคืออะไร,0
อธิบายกระบวนการสกัดทันตกรรม,0
คุณสามารถอธิบายความหมายของการสกัดทันตกรรมได้หรือไม่,0
คุณจะกำหนดคำว่า การสกัดทันตกรรม ได้อย่างไร,0
คุณช่วยชี้แจงการสกัดทางทันตกรรมได้ไหม,0
กการถอนฟันมีความหมาปยเชิงีการแพทย์อย่างรไร,0
ทการถอนฟันมีความาหมายเชิงกภารแพทย์อย่างัไร,0
การถอฟันมีความหมาเชิงกรแพทย์อย่างร,0
กรถอนฟันมีคามหมายเชิงการแพย์อย่างร,0
การถอฟนันมีความหมายชเิงากรแพทย์อย่งาไร,0
ากรถอนฟันมีความมหายเชิกงารแพทย์อย่างรไ,0
ความสำคัญของการสกัดฟันคืออะไร,0
การสกัดฟันมีอะไรบ้าง,0
อธิบายความหมายของการสกัดฟัน,0
คุณจะกำหนดคำว่า การกำจัดฟัน ได้อย่างไร,0
คำจำกัดความของฟัน ความหมายของการสกัดฟันคืออะไร,0
"ในมุมมดองทันตแพทึย์,คำว่าการถนอนฟันสื่อถึงสิ่งใด",0
"ในมุมมองพทันตแพำทย์,คำว่าการถอนอฟันสื่อถึงสิ่งใด",0
"ในมุมองทันแพทย์,คำว่าารถอนฟันสื่อถึงสิ่งใด",0
"ในมุมมอทัตแพทย์,คำว่ากรถอนฟันสื่อถึงสิ่งใด",0
"ในมุมมองทันตแพยท์,คำว่าากรถอนฟันสื่อถึงสิ่งใด",0
"ในมุมมอทงันตพแทย์,คำว่ากราถอนฟันสื่อถึงสิ่งใด",0
มุมมองของทันตแพทย์เกี่ยวกับความหมายของการสกัดฟันนั้นชัดเจน,0
ในมุมมองของทันตแพทย์การสกัดฟันเป็นคำที่หมายถึง กำแน่น หรือ ลบ,0
การสกัดฟันคำศัพท์ถูกมองโดยทันตแพทย์เป็นตัวเลือกที่เหมาะสม,0
ตามที่ทันตแพทย์การสกัดฟันเป็นคำที่หมายถึงการผ่าตัด,0
ผู้เชี่ยวชาญด้านทันตกรรมใช้คำว่ากำจัดฟันในการรักษา,0
ภการถอนฟันคือกระบวนการอฯะไร,0
การษถอนฟันคือกระงบวนการอะไร,0
การถอนันคือกระบวนการะไร,0
ารถอนฟันคือกระบนการอะไร,0
ากรถอนฟันคือกระบวนากรอะไร,0
การถอฟนันคือกระบวนการอไะร,0
คำจำกัดความของการสกัดฟันคืออะไร,0
คุณจะอธิบายกระบวนการสกัดฟันได้อย่างไร,0
คุณสามารถอธิบายกระบวนการสกัดฟันได้หรือไม่,0
อธิบายกระบวนการสกัดฟัน,0
คุณช่วยชี้แจงความหมายของคำว่า การกำจัดฟัน ได้หรือไม่,0
การถอฮนฟันหมธายถึงอะไร,0
การถอชนฟันหมายถึงอะไฉร,0
การถอนฟันหมายึงอะร,0
การถอนฟันมายถึงอะร,0
การถอฟนันหมายถึงอไะร,0
กาถรอนฟันหามยถึงอะไร,0
คำจำกัดความของการดูแลป้องกันฟันคืออะไร,0
เราจะป้องกันปัญหาทางทันตกรรมได้อย่างไร,0
คุณสามารถอธิบายแนวคิดของทันตกรรมป้องกันได้หรือไม่,0
การป้องกันไม่ให้ฟันมีความหมายอย่างไร,0
คุณจะกำหนดคำว่า เพื่อป้องกันฟัน ได้อย่างไร,0
กาำรถอนฟันมีความหมมายอย่างไผร,0
กศารถอนฟันมีควมามหมายอย่ลางไร,0
การถอนันมีคามหมายอย่งไร,0
การถอนันมีความมายอย่างร,0
กราถอนฟันมีควมาหมายอย่งาไร,0
การถอฟนันมีความหมาอยย่างรไ,0
ความสำคัญของการสกัดฟันคืออะไร,0
การสกัดฟันมีอะไรบ้าง,0
อธิบายความหมายของการสกัดฟัน,0
คุณจะกำหนดคำว่า การกำจัดฟัน ได้อย่างไร,0
คำจำกัดความของฟัน ความหมายของการสกัดฟันคืออะไร,0
การถอนฟันฯหมายถึงหอะไร,0
การถอนฟันหฯมายถึงอะไรร,0
กาถอนฟันหมายถึงอะไ,0
กาถอนฟันหมาถึงอะไร,0
การถอฟนันหมยาถึงอะไร,0
การถอฟนัหนมายถึงอะไร,0
คำจำกัดความของการดูแลป้องกันฟันคืออะไร,0
เราจะป้องกันปัญหาทางทันตกรรมได้อย่างไร,0
คุณสามารถอธิบายแนวคิดของทันตกรรมป้องกันได้หรือไม่,0
การป้องกันไม่ให้ฟันมีความหมายอย่างไร,0
คุณจะกำหนดคำว่า เพื่อป้องกันฟัน ได้อย่างไร,0
การถอนนฟันมีความหมฉายเป็นอย่ิางไร,0
กจารถอนฟันมีควาจมหมายเป็นอย่ตางไร,0
การถอนันมีความหมายป็นอย่างไ,0
การอนฟันมีความหมยเป็นอย่งไร,0
การถอฟนันมีความหมายปเ็นอย่างรไ,0
ากรถอนฟันมีควาหมมายเป็นอย่งาไร,0
คำว่า การกำจัดฟัน หมายถึงอะไร,0
คุณจะกำหนดกระบวนการสกัดฟันได้อย่างไร,0
คุณสามารถอธิบายกระบวนการสกัดฟันได้หรือไม่,0
อธิบายแนวคิดของการดึงฟันออกมา,0
การสกัดฟันมีความหมายอย่างไร,0
อะไรคคือการถอนฟันในทษางทฤษฎี,0
อษะไรคือการถอนฟันในทฯางทฤษฎี,0
ะไรคือการถอฟันในทางทฤษฎี,0
อะไรือกรถอนฟันในทางทฤษฎี,0
อไะรคือการถอนฟันใทนางทฤษฎี,0
ะอไรคือการถอนฟัในนทางทฤษฎี,0
ความหมายของการสกัดฟันทฤษฎีคืออะไร,0
คุณช่วยอธิบายได้ไหมว่าการสกัดฟันทางทฤษฎีเกี่ยวข้องกับอะไร,0
อธิบายการสกัดฟันเชิงทฤษฎี,0
คุณสามารถให้คำอธิบายเกี่ยวกับการสกัดฟันทางทฤษฎีได้หรือไม่,0
คุณจะกำหนดการสกัดฟันเชิงทฤษฎีได้อย่างไร,0
งความปวดระหว่างฬการถอนฟัน,0
ความปวดาระหว่าถงการถอนฟัน,0
ความปดระหว่างการถอฟัน,0
ควมปวดระหว่างการถอนัน,0
ความปวดรหะว่างการอถนฟัน,0
ควมาปวดระหว่างการอถนฟัน,0
ความเจ็บปวดที่เกิดขึ้นระหว่างการสกัดฟัน,0
การกำจัดฟันทำให้รู้สึกไม่สบาย,0
ในระหว่างการสกัดฟันมีความรู้สึกไม่สบาย,0
อาการปวดระหว่างการสกัดฟัน,0
มีความรู้สึกไม่สบายที่เกี่ยวข้องกับการดึงฟันออก,0
เวลาในฤการฟื้นตัวหลังการถอะนฟัน,0
เวลาในงการฟื้นตัวหลังกการถอนฟัน,0
เวาในการฟื้นตัวหลังการถอฟัน,0
เลาในการฟื้นตัวหลังารถอนฟัน,0
เวลาในกาฟรื้นตัวหลังการอถนฟัน,0
เวลาในากรฟื้นตัวหลังกาถรอนฟัน,0
ใช้เวลาในการกู้คืนนานแค่ไหนหลังจากถอดฟันออก,0
เวลาสำหรับการรักษาหลังจากการสกัดฟัน,0
ระยะเวลาระหว่างการสกัดฟันและ regrowth คืออะไร,0
ระยะเวลาของการกู้คืนหลังจากถอดฟันออก,0
หลังจากการสกัดฟันต้องใช้เวลานานเท่าใดสำหรับการกู้คืน,0
ณการถอนฟันหมูายถึงจการสูญเสียฟันใช่หรือไม,0
การถอฃนฟันหบมายถึงกาะรสูญเสียฟันใช่หรือไม,0
การถอนันหายถึงกาสูญเสียฟันใช่หรือไม,0
การถอฟัหมายถึงการูญเสียฟันใช่หรือไม,0
ากรถอนฟันหมยาถึงกาสรูญเสียฟันใช่หรือไม,0
กราถอนฟัหนมายถึงากรสูญเสียฟันใช่หรือไม,0
กระบวนการสูญเสียฟันเรียกว่าการสกัดฟัน,0
ในการพูดเกี่ยวกับการสกัดฟันเราต้องเข้าใจว่ามันเป็นสิ่งที่ถูกต้องที่จะทำเมื่อมีคนสูญเสียฟันทั้งหมด,0
การสกัดฟันเป็นกระบวนการสูญเสียฟัน,0
การสูญเสียฟันเป็นผลมาจากการสกัดฟัน,0
การกำจัดฟันเรียกว่าการสกัดฟัน,0
การถอนยฟันช่วยอะไฟรได้บ้าง,1
ฟการถอนฟันช่วยอะไราได้บ้าง,1
การถอฟันช่วยอะไได้บ้าง,1
กรถอนฟันช่วยอไรได้บ้าง,1
กราถอนฟันช่ยวอะไรได้บ้าง,1
ากรถอนฟันช่วอยะไรได้บ้าง,1
สิ่งที่สามารถทำได้เพื่อช่วยในการสกัดฟัน,1
จะช่วยในการสกัดฟันได้อย่างไร,1
ขั้นตอนในการสกัดฟัน,1
วิธีใดที่สามารถใช้เพื่อช่วยในการกำจัดฟัน,1
เคล็ดลับและกลเม็ดในการกำจัดฟันที่หายไป,1
ประบโยชน์ที่สำคัญที่สุดของการถอีนฟันคือภอะไร,1
ปรฆะโยชน์ที่สำคัญที่สุดของการถอนุฟันคืออะไฑร,1
ระโยชน์ที่สำคัญที่สุดของกาถอนฟันคือะไร,1
ประยชน์ที่สำคัญที่สุดของการอนฟันคืออะไ,1
ประยโชน์ที่สำคัญที่สุดของการถนอฟันคืออะรไ,1
ประยโชน์ที่สำคัญที่สุดของการถนอฟันคืออะไร,1
อะไรคือข้อได้เปรียบหลักของการกำจัดฟัน,1
ในกรณีส่วนใหญ่ข้อได้เปรียบหลักของการกำจัดฟันคืออะไร,1
ข้อได้เปรียบหลักของการถอดฟันออกคือสิ่งที่ทำให้เป็นเช่นนั้น,1
ประโยชน์ใดที่สำคัญที่สุดหลังจากสูญเสียฟัน,1
อะไรคือประโยชน์ที่สำคัญในการรับฟัน,1
ข้อดีขฦองการถอนฟันมีอะำไรบ้าง,1
ข้อดีฒของการถอนฟันมีอฟะไรบ้าง,1
ข้อดีของการถนฟันมีอะรบ้าง,1
ข้อดีของการถอนันมีอะรบ้าง,1
ข้อดีของกาถรอนฟันมีะอไรบ้าง,1
ข้อดีอขงการถอนฟันมีอไะรบ้าง,1
ประโยชน์ของการกำจัดฟันเป็นอย่างไร,1
การสกัดฟันให้ข้อได้เปรียบเมื่อเทียบกับขั้นตอนทางทันตกรรมอื่น ๆ ในทางใด,1
การสกัดฟันเป็นประโยชน์ต่อปากอย่างไร,1
เหตุใดจึงจำเป็นต้องนำฟันออกมา,1
มีประโยชน์อะไรบ้างที่มาพร้อมกับการฝึกฝนทันตกรรม,1
ถอยนฟันแล้วจซะช่วยใษห้สุขภาหพช่องปณากดีขึ้นได้อย่ฮางไร,1
ถอฯนฟันแล้วจะฦช่พวยให้สุขภาพลช่อณงปากดีขึ้นได้อย่างไัร,1
ถอฟันแล้วะช่วยใ้สุขาพช่องากดีขึ้นได้อย่างร,1
อนฟันแล้วจช่วยห้สุขาพช่องปาดีขึ้นได้อย่างไ,1
ถอฟนันแล้วะจช่ยวให้สุขภพาช่องปาดกีขึ้นได้อย่งาไร,1
อถนฟันแล้จวะช่ยวให้สุภขาพช่งอปากดีขึ้นได้อย่งาไร,1
การกำจัดฟันมีข้อดีอะไรบ้างในแง่ของการปรับปรุงสุขอนามัยในช่องปาก,1
การสกัดฟันสามารถให้ประโยชน์ต่อสุขภาพช่องปากได้หรือไม่,1
การสกัดฟันสามารถช่วยในการรักษาช่องปากได้อย่างไร,1
การสกัดฟันช่วยในสุขอนามัยในช่องปากได้อย่างไร,1
การกำจัดฟันออกจากปากเพื่อสุขภาพช่องปากคืออะไร,1
ูถอนฟันช้วยลดโอกาศัเกิดฟันผุได้ไหม,1
ถคอนฟันช้วฑยลดโอกาศเกิดฟันผุได้ไหม,1
ถอฟันช้วยลดโอาศเกิดฟันผุได้ไหม,1
ถอนันช้ยลดโอกาศเกิดฟันผุได้ไหม,1
ถอฟนันช้วลยดโอกาศเกิดฟันผุได้ไหม,1
ถนอฟันช้วยลดโอากศเกิดฟันผุได้ไหม,1
โดยการดึงฟันออกมาคุณสามารถป้องกันการสลายตัวของฟัน,1
การสกัดฟันสามารถทำได้เพื่อลดความเสี่ยงในการพัฒนาการสลายตัวหรือไม่,1
มีวิธีกำจัดฟันและป้องกันไม่ให้ฟันผุหรือไม่,1
เป็นไปได้ไหมที่จะกำจัดฟันและป้องกันปัญหาทางทันตกรรม,1
การสูญเสียฟันจะถูกป้องกันได้อย่างไร,1
กตารถอนฟันมีผลดีอย่างฎไร,1
กฎารถอนฟันมีผลดีอย่ฮางไร,1
ารถอนฟันมีผลดีอย่างไ,1
กรถอนฟันมีผลดีอย่างร,1
การถอฟนันมีผลดีอย่งาไร,1
ากรถอนฟันมีผลดีอย่าไงร,1
กระบวนการสกัดฟันคืออะไร,1
คุณสามารถอธิบายกระบวนการสกัดฟันได้หรือไม่,1
การกำจัดฟันเกิดขึ้นในทางใด,1
ฟันถูกลบออกอย่างไร,1
จะเกิดอะไรขึ้นระหว่างการสกัดฟัน,1
ถศอนฟันมีข้อดีะอะไร,1
ถดอนฟันมีข้อดีอปะไร,1
ถอนันมีข้อดีอไร,1
ถนฟันมีข้อดีอะร,1
ถอฟนันมีข้อดีอะรไ,1
ถนอฟันมีข้อดีะอไร,1
การมีฟันมีประโยชน์อย่างไร,1
ฟันเป็นประโยชน์ต่อร่างกายอย่างไร,1
ฟันมีข้อดีอะไรบ้างในแง่ของสุขภาพ,1
ฟันดีขึ้นในการปรับปรุงสุขภาพช่องปาก,1
ทำไมฉันต้องมีฟัน,1
มีประัโยชน์จากการษถอนฟันดไหม,1
มีประโยชฬน์จากธการถอนฟันไหมม,1
มีระโยชน์จากการอนฟันไห,1
มีประโชน์จากการถอนัไหม,1
มีประโยนช์จากากรถอนฟันหไม,1
มีประโชยน์าจกการถอนฟันหไม,1
การสกัดฟันให้ประโยชน์หรือไม่,1
เครื่องมือใช้ในระหว่างการสกัดฟันมีประสิทธิภาพหรือไม่,1
สามารถใช้เพื่อสกัดฟันได้หรือไม่,1
การสกัดฟันจะเป็นประโยชน์หรือไม่,1
การกำจัดฟันมีข้อดีหรือไม่,1
กาัรถอนฟันมีควำามสำคัญอย่าบงไรต่อสุขภาพชทั่วไป,1
การึถอนฟันมีความสตำคัญอย่ปางไรต่อสุขภสาพทั่วไป,1
การถอนันมีความสำัญอย่งไรต่อสุภาพทั่วไป,1
การถนฟันมีความสำัญอย่างไต่อสุขภาพั่วไป,1
การถอฟนันมีควมาสำคัญอย่งาไรต่อสุขาภพทั่วไป,1
กาถรอนฟันมีคาวมสำคัญอย่าไงรต่อสุขภาทพั่วไป,1
ความสำคัญของการสกัดฟันในการรักษาสุขภาพช่องปากที่ดีคืออะไร,1
การกำจัดฟันมีผลกระทบต่อสุขภาพของตัวเองมากแค่ไหน,1
การสกัดฟันมีความสำคัญต่อความเป็นอยู่ที่ดีเพียงใด,1
การสกัดฟันมีบทบาทอย่างไรในการรักษาสุขภาพช่องปากที่ดี,1
เหตุใดจึงมีความสำคัญอย่างยิ่งที่จะสกัดฟัน,1
การึถอนฟันมีฬประโยชน์อะไฦรบ้าง,1
การถนอนฟันมีประโฌยชน์อะไอรบ้าง,1
การถนฟันมีประยชน์อะไบ้าง,1
การถอฟันมีประโยช์อไรบ้าง,1
ากรถอนฟันมีประโชยน์อไะรบ้าง,1
การอถนฟันมีปะรโยชน์อไะรบ้าง,1
ทำไมการลบฟันจึงสำคัญ,1
อะไรคือประโยชน์ที่จะต้องทำการสกัดฟัน,1
การสกัดฟันเป็นประโยชน์ต่อผู้ป่วยอย่างไร,1
การสกัดฟันให้ประโยชน์กับผู้ป่วยอย่างไร,1
การสกัดฟันมีข้อดีอะไรบ้างเมื่อเวลาผ่านไป,1
การัถอนฟันมีข้อดีต่คางๆอย่าำงไร,1
กาถรถอนฟันมีข้อดีต่างๆอดย่างไรร,1
ารถอนฟันมีข้อดีต่าๆอย่าไร,1
กรถอนฟันมีข้อดีต่างๆย่งไร,1
ากรถอนฟันมีข้อดีต่างอๆย่าไงร,1
กราถอนฟันมีข้อดีต่งาๆอย่งาไร,1
การลบฟันเป็นประโยชน์อย่างไร,1
การสกัดฟันให้ข้อได้เปรียบเมื่อเทียบกับวิธีการอื่น ๆ ของสุขภาพช่องปากในทางใด,1
ทำไมจึงจำเป็นต้องสกัดฟัน,1
การสกัดฟันเป็นประโยชน์ต่อผู้ป่วยอย่างไร,1
การกำจัดฟันเสนอให้มีประโยชน์อะไรบ้าง,1
การถซอนฟันสู่งผลดีต่ออคะไรบ้าง,1
ยการถอนฟันส่งผลจดีต่ออะไรฃบ้าง,1
การอนฟันส่งลดีต่อะไรบ้าง,1
การถอฟันส่งผลีต่อะไรบ้าง,1
กาถรอนฟันส่ผงลดีต่ออะไรบ้าง,1
กราถอนฟันส่งผดลีต่อะอไรบ้าง,1
คุณสามารถอธิบายกระบวนการสกัดฟันที่แข็งแรงได้หรือไม่,1
คำจำกัดความของการสกัดฟันที่ดีคืออะไร,1
คุณจะกำหนดกระบวนการสกัดฟันที่แข็งแรงได้อย่างไร,1
อธิบายแนวคิดของการสกัดฟันที่ดีต่อสุขภาพ,1
ลักษณะของการสกัดฟันที่ดีคืออะไร,1
มีปรคะโยชน์อะไนรบ้างที่เกิดขึ้นยจากการทำการถอนฟัน,1
มีปยระโยชน์ภอะไรบ้างที่เกิดขึ้นจาฐกการทำการถอนฟัน,1
มีประโยน์อะไร้างที่เกิดขึ้นจกการทำการถอนฟัน,1
มีระโยชน์อะไร้างที่เกิดขึ้นจากกาทำการถอนฟัน,1
มีปะรโยชน์อไะรบ้างที่เกิดขึ้นจากการทำกาถรอนฟัน,1
มีประยโชน์อะรไบ้างที่เกิดขึ้นจากากรทำการถอนฟัน,1
ผลกำไรที่เกิดจากการสกัดฟันคืออะไร,1
การสกัดฟันเป็นประโยชน์ต่อผู้ป่วยอย่างไร,1
การสกัดฟันให้ข้อดีในทางใด,1
เหตุใดจึงมีประโยชน์ที่จะสกัดฟัน,1
การสกัดฟันมีข้อดีอะไรบ้าง,1
ข้อดีของการถุอนฟันมีสิ่คงไหนบ้างที่ควูรรู้,1
ข้อดีขอฟงการถอนฟันมีสิ่งไฯหนบ้างที่คีวรรู้,1
ข้อดีของการอนฟันมีสิ่ไหนบ้างที่ควรู้,1
ข้อดีของการอนฟันมีสิ่งไหน้างที่ควรู้,1
ข้อดีของการถอฟนันมีสิ่งหไนบ้างที่วครรู้,1
ข้อดีอขงการถอนฟันมีสิ่ไงหนบ้างที่ควรรู้,1
การลบฟันเป็นประโยชน์อย่างไร,1
การสกัดฟันให้ข้อได้เปรียบเมื่อเทียบกับวิธีการอื่น ๆ ของสุขภาพช่องปากในทางใด,1
ทำไมจึงจำเป็นต้องสกัดฟัน,1
การสกัดฟันเป็นประโยชน์ต่อผู้ป่วยอย่างไร,1
การกำจัดฟันเสนอให้มีประโยชน์อะไรบ้าง,1
การทำการถอนฐฟันมีผลลัพธ์ทางถสุขภาพอฉย่างไยร,1
การทำการณถอนฟันมีผลลัพธ์ชทางสุฯขภาพอย่ัางไร,1
ารทำการถอนฟันมีผลลัพธ์างสุขาพอย่างร,1
กาทำการถอนฟันมีผลลัพธ์ทงสุขภาพย่าไร,1
กาทรำการถอนฟันมีผลลัพธ์ทาสงุขาภพอย่างรไ,1
การทำการอถนฟันมีผลลัพธ์ทงาสุขภาพยอ่างรไ,1
กระบวนการกำจัดฟันคืออะไร,1
เราจะดึงฟันออกมาได้อย่างไร,1
กระบวนการกำจัดฟันวิธีกำจัดฟัน,1
เทคนิคสำหรับการกำจัด maxilla,1
ขั้นตอนในการกำจัดฟันคืออะไร,1
ถคอนฟันมีข้อดีอย่างไฏร,1
ถัอนฟันมีข้อดีอย่ัางไร,1
ถนฟันมีข้อดีอย่างร,1
ถนฟันมีข้อดีอย่าไร,1
อถนฟันมีข้อดีอย่างรไ,1
อถนฟันมีข้อดีอย่างรไ,1
การมีฟันมีประโยชน์อย่างไร,1
ฟันเป็นประโยชน์ต่อร่างกายอย่างไร,1
ฟันมีข้อดีอะไรบ้างในแง่ของสุขภาพ,1
ฟันดีขึ้นในการปรับปรุงสุขภาพช่องปาก,1
ทำไมฉันต้องมีฟัน,1
การรถอนฟันมีประโฎยชน์จอะไรที่สำคัญ,1
การถอนนฟันมีำประโยชน์อะไรฆที่สำคัญ,1
การถอฟันมีประโยน์อะไรี่สำคัญ,1
การถนฟันมีปะโยชน์ะไรที่สำคัญ,1
การถนอฟันมีประโชยน์อไะรที่สำคัญ,1
ากรถอนฟันมีประโยนช์อไะรที่สำคัญ,1
การสกัดฟันเป็นสิ่งจำเป็น,1
มันเป็นสิ่งสำคัญที่จะต้องกำจัดฟันออก,1
การสกัดฟันเป็นสิ่งสำคัญของสุขภาพช่องปาก,1
นี่คือเหตุผลที่การสกัดฟันมีความสำคัญ,1
การกำจัดฟันเป็นสิ่งสำคัญ,1
ข้อดีของการถมอนฟันมีประกขารไหนบ้าง,1
ข้อดีของการถฒอนฟันมีนประการไหนบ้าง,1
ข้อดีขงการถอนฟันมีประการหนบ้าง,1
ข้อดีของารถอนฟันมีประการไหน้าง,1
ข้อดีของกราถอนฟันมีปะรการไหนบ้าง,1
ข้อดีอขงการถอนฟันมีประการไหบน้าง,1
การลบฟันเป็นประโยชน์อย่างไร,1
การสกัดฟันให้ข้อได้เปรียบเมื่อเทียบกับวิธีการอื่น ๆ ของสุขภาพช่องปากในทางใด,1
ทำไมจึงจำเป็นต้องสกัดฟัน,1
การสกัดฟันเป็นประโยชน์ต่อผู้ป่วยอย่างไร,1
การกำจัดฟันเสนอให้มีประโยชน์อะไรบ้าง,1
ข้อดีของการถฆอนฟันคืญออะไร,1
ข้อดีของการฎถอนฟันคืออบะไร,1
ข้อดีของการถอนันคืออะร,1
ข้อดีองการถอนฟันคือะไร,1
ข้อดีอขงการถอนฟันคืออะรไ,1
ข้อดีของกราถอนฟันคืออะรไ,1
การสกัดฟันให้ความได้เปรียบในทางใด,1
จุดประสงค์ของการกำจัดฟันคืออะไร,1
ทำไมคุณควรลบฟัน,1
ฟันที่ขาดหายไปช่วยปรับปรุงสุขภาพช่องปากได้อย่างไร,1
การสกัดฟันมีประโยชน์อย่างไร,1
กภารถอนฟันปชระโยชน์หรือไม่,1
การถอนษฟัตนประโยชน์หรือไม่,1
การอนฟันประโยน์หรือไม่,1
กาถอนฟันประโยน์หรือไม่,1
ากรถอนฟันประยโชน์หรือไม่,1
ากรถอนฟันประโชยน์หรือไม่,1
การสกัดฟันหรือไม่เป็นวิธีที่ถูกต้องหรือไม่,1
แนะนำให้สกัดฟันหรือไม่,1
ฉันควรพิจารณาเอาฟันเอาออกหรือไม่,1
ฟันสามารถสกัดได้หรือไม่,1
มันเกี่ยวข้องกับการสกัดฟันหรือไม่,1
การถอดนฟันมีข้อดีฌอะไรบ้าง,1
กาอรถอนฟันมีข้อดีอะไหรบ้าง,1
ารถอนฟันมีข้อดีะไรบ้าง,1
การถนฟันมีข้อดีะไรบ้าง,1
ากรถอนฟันมีข้อดีอไะรบ้าง,1
การอถนฟันมีข้อดีอไะรบ้าง,1
การลบฟันเป็นประโยชน์อย่างไร,1
การสกัดฟันให้ข้อได้เปรียบเมื่อเทียบกับวิธีการอื่น ๆ ของสุขภาพช่องปากในทางใด,1
ทำไมจึงจำเป็นต้องสกัดฟัน,1
การสกัดฟันเป็นประโยชน์ต่อผู้ป่วยอย่างไร,1
การกำจัดฟันเสนอให้มีประโยชน์อะไรบ้าง,1
การถุอนฟันมีปรืะโยชน์อทะไรบ้าง?,1
การถอยนฟันมีสประโยชน์อะไฮรบ้าง?,1
กรถอนฟันมีประยชน์อไรบ้าง?,1
การถนฟันมีประโยน์อะไบ้าง?,1
การถนอฟันมีประยโชน์ะอไรบ้าง?,1
การถนอฟันมีประยโชน์อไะรบ้าง?,1
ทำไมการลบฟันจึงสำคัญ,1
อะไรคือประโยชน์ที่จะต้องทำการสกัดฟัน,1
การสกัดฟันเป็นประโยชน์ต่อผู้ป่วยอย่างไร,1
การสกัดฟันให้ประโยชน์กับผู้ป่วยอย่างไร,1
การสกัดฟันมีข้อดีอะไรบ้างเมื่อเวลาผ่านไป,1
จประโยชน์ขษองการถอนฟันคือพอะไร,1
ปวระโยชน์ของกาศรถอนฟันคืออะษไร,1
ประโยน์ของการถอฟันคือะไร,1
ประโยน์ของกรถอนฟันคืออไร,1
ประโชยน์ของกาถรอนฟันคืออะไร,1
รปะโยชน์ของกราถอนฟันคือะอไร,1
ทำไมจึงจำเป็นต้องสกัดฟัน,1
ฟันที่ขาดหายไปช่วยปรับปรุงสุขภาพช่องปากได้อย่างไร,1
อะไรคือประโยชน์ของการสกัดฟัน,1
การสกัดฟันให้ประโยชน์กับผู้ป่วยอย่างไร,1
การกำจัดฟันเสนอข้อเสนออะไร,1
ีอะไรคือข้อดีของการถอันฟัน,1
อะฐไรคือข้อดีของการถอซนฟัน,1
อะไรือข้อดีของการอนฟัน,1
อะไคือข้อดีขอการถอนฟัน,1
อไะรคือข้อดีของการถนอฟัน,1
ะอไรคือข้อดีของการถอฟนัน,1
การสกัดฟันให้ความได้เปรียบในทางใด,1
จุดประสงค์ของการกำจัดฟันคืออะไร,1
ทำไมคุณควรลบฟัน,1
ฟันที่ขาดหายไปช่วยปรับปรุงสุขภาพช่องปากได้อย่างไร,1
การสกัดฟันมีประโยชน์อย่างไร,1
ถฆอนฟันมีข้อดีไหม,1
ถอนาฟันมีข้อดีไหม,1
อนฟันมีข้อดีไหม,1
ถนฟันมีข้อดีไหม,1
อถนฟันมีข้อดีไหม,1
อถนฟันมีข้อดีไหม,1
คุณเป็นนักแสดงชั้นนำในสาขาของคุณหรือไม่,1
คุณมีทักษะที่แตกต่างหรือไม่,1
มันจะเป็นประโยชน์หรือไม่ถ้ามีข้อได้เปรียบ,1
มีอัตรากำไรขั้นต้นเพิ่มเติมสำหรับงานของคุณหรือไม่,1
เราคาดหวังให้คุณมีทักษะที่แตกต่างหรือไม่,1
ฝอะไรคือปืระโยชน์ของการถอนณฟัน,1
ิอะไรคือประโงยชน์ของกาฤรถอนฟัน,1
ะไรคือปรโยชน์ของการถอฟัน,1
อะรคือประโยน์ขอการถอนฟัน,1
อะไครือประยโชน์ของากรถอนฟัน,1
อไะรคือปรโะยชน์ของการอถนฟัน,1
ทำไมจึงจำเป็นต้องสกัดฟัน,1
ฟันที่ขาดหายไปช่วยปรับปรุงสุขภาพช่องปากได้อย่างไร,1
อะไรคือประโยชน์ของการสกัดฟัน,1
การสกัดฟันให้ประโยชน์กับผู้ป่วยอย่างไร,1
การกำจัดฟันเสนอข้อเสนออะไร,1
กาฐรถอนฟันสามาญรถแก้ไขฟันที่มีปัญหญาร้ายแฯรงหรือไม่สาฬมารถรักษฯาได้หรือไม่,1
กฐารถอนฟัผนสามารถแก้ไขฟันที่มีปัญหาฃร้ายึแรงหรือไม่ึสามารถรักษษาได้หรือไม่,1
กรถอนฟัสามารถแก้ไขฟันที่มีปัญหา้ายแรงรือไม่ามารถรักษได้หรือไม่,1
การถอนันสามารถก้ไขฟันที่มีปัญหร้ายแรงรือไม่สามรถรักาได้หรือไม่,1
ากรถอนฟันสามราถแก้ไขฟันที่มีปัญหรา้ายแรหงรือไม่สามาถรรักษาดไ้หรือไม่,1
ากรถอนฟันสามราถแก้ไขฟันที่มีปัญาหร้ายแรงรหือไม่สาามรถรักษาดไ้หรือไม่,1
ฟันอาจถูกลบออกเพื่อแก้ไขปัญหาร้ายแรงหรืออาจไม่สามารถรักษาได้เลย,1
การสกัดฟันสามารถแก้ไขปัญหาที่สำคัญหรือไม่เหมาะสมสำหรับการรักษา,1
ผู้ที่ถอดฟันออกอาจพบว่าจำเป็นหรือเป็นไปไม่ได้ที่จะรักษาด้วยขั้นตอนเพิ่มเติม แต่ขั้นตอนยังสามารถทำได้แม้ว่าปัญหาจะไม่สามารถรักษาได้,1
ฟันที่มีปัญหาร้ายแรงสามารถแก้ไขได้โดยการสกัดหรือไม่สามารถรักษาความเสียหายของฟันได้,1
ฟันสามารถลบออกเพื่อแก้ไขปัญหาที่สำคัญหรือไม่สามารถรักษาได้,1
การถลอนฟันช่วยป้องกันธการระบายเชื้อโรฎคได้มั้ย,1
กามรถอนฟันช่วยป้องกันกาัรระบายเชื้อโิรคได้มั้ย,1
การถอนันช่วยป้องกันการระายเชื้อโรได้มั้ย,1
กรถอนฟันช่วยป้องกันการระบายเื้อโคได้มั้ย,1
กราถอนฟันช่วยป้องกักนารระบายเชื้โอรคได้มั้ย,1
การถอฟนันช่วยป้องกันการระบายชเื้อโรคดไ้มั้ย,1
การระบายอากาศสามารถหลีกเลี่ยงได้โดยการลบฟันเพื่อป้องกันไม่ให้มันติด,1
การสกัดฟันป้องกันการปล่อยอากาศผ่านปาก,1
โดยการกำจัดฟันสามารถป้องกันการระบายอากาศได้,1
การระบายอากาศถูกหลีกเลี่ยงโดยการลบฟันเพื่อป้องกันไม่ให้มันติด,1
ผ่านการสกัดฟันช่องระบายอากาศจะถูกป้องกันไม่ให้ไหล,1
ฃการถอนฟันมีข้อเสียอะไรผบ้าง,2
กวารถอนฟันมีข้อเสียอะชไรบ้าง,2
การอนฟันมีข้อเสียอะรบ้าง,2
การถอฟันมีข้อเสียอะไร้าง,2
การอถนฟันมีข้อเสียะอไรบ้าง,2
กราถอนฟันมีข้อเสียอะไบร้าง,2
อะไรคือข้อเสียของการลบฟัน,2
ทำไมจึงไม่แนะนำให้สกัดฟัน,2
ฟันที่หายไปจะทำร้ายปากอย่างไร,2
ผลกระทบเชิงลบของการสกัดฟันคืออะไร,2
อะไรทำให้การสกัดฟันเป็นวิธีแก้ปัญหาที่ไม่เหมาะสมสำหรับการรักษาปัญหาทางทันตกรรม,2
การณถอนฟันมีปัญหาอฏะไรบ้าง?,2
การถอฎนฟันมีปัญหาอะไรืบ้าง?,2
การถอฟันมีปัหาอะไรบ้าง?,2
กาถอนฟันมีปัญหาอไรบ้าง?,2
การถอฟนันมีปัญาหอะไรบ้าง?,2
ากรถอนฟันมีปัหญาอะไรบ้าง?,2
อะไรคือความกังวลเกี่ยวกับการดึงฟันออกมา,2
การสกัดฟันมีผลต่อสุขภาพและความปลอดภัยของผู้ป่วยอย่างไร,2
ทำไมผู้คนถึงรู้สึกไม่สบายหลังจากสกัดฟัน,2
ภาวะแทรกซ้อนของการกำจัดฟันเป็นอย่างไร,2
อะไรทำให้เกิดปัญหาเมื่อพยายามสกัดฟัน,2
ข้อเสียของการถอฃนฟันคืออะภไร,2
ข้อเสียของการฑถอนฟันคืออะไธร,2
ข้อเสียของารถอนฟันคืออไร,2
ข้อเสียของกาถอนฟันคือะไร,2
ข้อเสียอขงการถอนฟันคืออะไร,2
ข้อเสียของการถนอฟันคือะอไร,2
อะไรคือข้อเสียของการลบฟัน,2
ทำไมจึงไม่แนะนำให้สกัดฟัน,2
ฟันที่ขาดหายไปส่งผลเสียต่อสุขภาพช่องปากอย่างไร,2
ข้อเสียของการลบฟันคืออะไร,2
การสกัดฟันสามารถเป็นอันตรายต่อสุขภาพของตัวเองได้อย่างไร,2
อะไกรคือข้อเสียของการธถอนฟัน,2
อะไทรคือข้อเสียของการถูอนฟัน,2
อะไรือข้อเสียขงการถอนฟัน,2
อะไรือข้อเสียของการถอนัน,2
อะรไคือข้อเสียของการถนอฟัน,2
อะรไคือข้อเสียขงอการถอนฟัน,2
อะไรคือข้อเสียของการลบฟัน,2
ทำไมจึงไม่แนะนำให้สกัดฟัน,2
ฟันที่หายไปจะทำร้ายปากอย่างไร,2
ผลกระทบเชิงลบของการสกัดฟันคืออะไร,2
อะไรทำให้การสกัดฟันเป็นวิธีแก้ปัญหาที่ไม่เหมาะสมสำหรับการรักษาปัญหาทางทันตกรรม,2
ถอนบฟันมีข้อด้อยไนหม,2
าถอนฟันมีข้อด้ษอยไหม,2
ถอนันมีข้อด้อยไม,2
ถอนันมีข้อด้อยไม,2
ถนอฟันมีข้อด้อไยหม,2
อถนฟันมีข้อด้ยอไหม,2
คุณด้อยโอกาสหรือไม่,2
มีบางสิ่งที่คุณไม่สามารถทำได้ทำให้คุณเสียเปรียบหรือไม่,2
ข้อเสียของคุณใช้กับคุณในฐานะบุคคลหรือไม่,2
คุณมีข้อเสียหรือไม่,2
คุณเสียเปรียบหรือไม่,2
กรารถอนฟันมีข้อด้อายอะไรบ้าง,2
การถอนชฟันมีข้อด้อยอะไรฉบ้าง,2
การถอฟันมีข้อด้อยอไรบ้าง,2
การถอฟันมีข้อด้อยอไรบ้าง,2
การถอฟนันมีข้อด้ยออะไรบ้าง,2
กาถรอนฟันมีข้อด้ยออะไรบ้าง,2
อะไรคือข้อเสียของการลบฟัน,2
ทำไมจึงไม่แนะนำให้สกัดฟัน,2
ฟันที่หายไปจะทำร้ายปากอย่างไร,2
ผลกระทบเชิงลบของการสกัดฟันคืออะไร,2
อะไรทำให้การสกัดฟันเป็นวิธีแก้ปัญหาที่ไม่เหมาะสมสำหรับการรักษาปัญหาทางทันตกรรม,2
าอะไรคือข้อด้อยขอูงการถอนฟัน,2
อะไรฆคือข้อด้อยของการถอยนฟัน,2
ะไรคือข้อด้อยขงการถอนฟัน,2
ะไรคือข้อด้อยของการถนฟัน,2
ะอไรคือข้อด้อขยองการถอนฟัน,2
ะอไรคือข้อด้อยของากรถอนฟัน,2
อะไรคือข้อเสียของการลบฟัน,2
ทำไมจึงไม่แนะนำให้สกัดฟัน,2
ฟันที่หายไปจะทำร้ายปากอย่างไร,2
ผลกระทบเชิงลบของการสกัดฟันคืออะไร,2
อะไรทำให้การสกัดฟันเป็นวิธีแก้ปัญหาที่ไม่เหมาะสมสำหรับการรักษาปัญหาทางทันตกรรม,2
ข้อด้อยของการลถอนฟันมีษอะไรบ้าง,2
ข้อด้อยฝของการถอนฟันมีอะไฯรบ้าง,2
ข้อด้อยของกาถอนฟันมีะไรบ้าง,2
ข้อด้ยของการถอนฟันมีอไรบ้าง,2
ข้อด้ยอของการถอนฟันมีอะรไบ้าง,2
ข้อด้อยของการถอฟนันมีะอไรบ้าง,2
อะไรคือข้อเสียของการลบฟัน,2
ทำไมจึงไม่แนะนำให้สกัดฟัน,2
ฟันที่หายไปจะทำร้ายปากอย่างไร,2
ผลกระทบเชิงลบของการสกัดฟันคืออะไร,2
อะไรทำให้การสกัดฟันเป็นวิธีแก้ปัญหาที่ไม่เหมาะสมสำหรับการรักษาปัญหาทางทันตกรรม,2
กซารถอนฟันมีผลกรงะทบทางด้านฆอะไรบ้าง,2
การถอกนฟันมีผลธกระทบทางด้านอะไปรบ้าง,2
การอนฟันมีผลกระทบทาง้านะไรบ้าง,2
ารถอนฟันมีผลระทบทางด้นอะไรบ้าง,2
การถอฟนันมีผลกระบททางด้าอนะไรบ้าง,2
การถอฟนันมีผลกระทบทาดง้าอนะไรบ้าง,2
ผลลัพธ์ของการสูญเสียฟันคืออะไร,2
การสกัดฟันมีผลต่อร่างกายอย่างไร,2
จะเกิดอะไรขึ้นหลังจากดึงฟันออกมา,2
การกำจัดฟันมีผลต่อผู้ป่วยอย่างไร,2
ในกรณีที่มีการสกัดฟันผลลัพธ์ของมันคืออะไร,2
การถพอนฟันส่่งผลทางถลบอย่ฎางไรบ้าง,2
กาิรถอนฟันส่่งผลาทางลบอย่างไรฒบ้าง,2
กรถอนฟันส่่งผลทางลบย่งไรบ้าง,2
ารถอนฟันส่่งลทางลบอย่างรบ้าง,2
กราถอนฟันส่่งผลทาลงบอย่างไบร้าง,2
การถอฟนันส่่ผงลทางลบอย่างรไบ้าง,2
คุณสามารถอธิบายกระบวนการกำจัดฟันลบได้หรือไม่,2
คุณจะอธิบายกระบวนการกำจัดฟันลบได้อย่างไร,2
อธิบายแนวคิดของการสกัดฟันลบ,2
การกำจัดฟันลบคืออะไร,2
คุณสามารถให้ข้อมูลเกี่ยวกับการสกัดฟันลบได้หรือไม่,2
การฏถอนฟันมีผลกระงทบทางลบไหม,2
การฎถอนฟันมีผลกระทบะทางลบไหม,2
การถอนันมีผกระทบทางลบไหม,2
ารถอนฟันมีผลกระทบทาลบไหม,2
การถอฟนันมีผลกระทบทงาลบไหม,2
กราถอนฟันมีผลกระทบทางลบหไม,2
มีอันตรายใด ๆ ในการสกัดฟันหรือไม่,2
การสกัดฟันเป็นอันตรายได้หรือไม่,2
จะมีผลข้างเคียงหรือไม่ถ้าฉันถูกบังคับให้ถอดฟันออก,2
ต้องกำจัดฟันทำให้เกิดอันตรายหรือไม่,2
มีผลกระทบเชิงลบของการสูญเสียฟันหรือไม่,2
การถอนฐฟันมีผลหเสียอย่างไึร,2
การถอฆนฟันมีผลฐเสียอย่างไทร,2
การถอฟันมีผลสียอย่างไ,2
การถนฟันมีลเสียอย่างไ,2
การถนอฟันมีผลสเียอย่งาไร,2
ากรถอนฟันมีผเลสียอย่างรไ,2
ผลลัพธ์ของการสกัดฟันคืออะไร,2
การกำจัดฟันส่งผลกระทบต่อสุขภาพของผู้ป่วยอย่างไร,2
จะเกิดอะไรขึ้นระหว่างกระบวนการสกัดฟัน,2
ฟันจะถูกลบออกอย่างไรและจะเกิดอะไรขึ้นต่อไป,2
ทำไมผู้คนถึงต้องเอาฟันออก,2
ฝถอนฟันมีข้อเสียอะะไรบ้าง,2
ถฝอนฟันมีข้อเสียอถะไรบ้าง,2
อนฟันมีข้อเสียอะไร้าง,2
ถอฟันมีข้อเสียอไรบ้าง,2
ถนอฟันมีข้อเสียอไะรบ้าง,2
ถอฟนันมีข้อเสียอะรไบ้าง,2
อะไรคือข้อเสียของการไม่มีฟัน,2
อะไรคือผลกระทบเชิงลบของการไม่มีฟัน,2
ทำไมจึงไม่แนะนำให้แปรงฟัน,2
ปัญหาใดที่ควรหลีกเลี่ยงโดยการป้องกันงานทันตกรรม,2
ข้อเสียของการไม่มีฟันคืออะไร,2
มีข้อเสียจากการถอยนฟันไหญม,2
มีข้อเสียจากฑการถอนฟันไหณม,2
มีข้อเสียจาการถอนฟันไม,2
มีข้อเสียจากการถอฟันไม,2
มีข้อเสียจากการถอฟนันไมห,2
มีข้อเสียจากกาถรอนฟัไนหม,2
มีผลกระทบด้านลบใด ๆ ที่ต้องมีการสกัดฟันหรือไม่,2
การสกัดฟันมีผลกระทบด้านลบหรือไม่,2
มีข้อเสียในการดึงฟันของคุณหรือไม่,2
การสกัดฟันสามารถมีผลกระทบเชิงลบได้หรือไม่,2
จะมีผลกระทบด้านลบใด ๆ ที่เกี่ยวข้องกับการต้องถอดฟันออกหรือไม่,2
กาอรถอนฟันมีตผลเสียอย่างไฯรต่อสุขภาทพทั่วไป,2
รการถอนฟันมีผลฮเสียอย่างไรอต่อสุขภาพงทั่วไป,2
กรถอนฟันมีลเสียอย่าไรต่อสุภาพทั่วไป,2
การถอฟันมีลเสียอย่างไร่อสุขภาพั่วไป,2
กาถรอนฟันมีผเลสียอย่งาไรต่อสุภขาพทั่วไป,2
การอถนฟันมีลผเสียอย่งาไรต่อสุภขาพทั่วไป,2
อะไรคือผลกระทบต่อสุขภาพของการสกัดฟัน,2
การขาดสุขภาพฟันมีผลกระทบต่อสุขภาพของตัวเองอย่างไร,2
การขาดฟันมีผลต่อสุขภาพโดยรวมของผู้ป่วยอย่างไร,2
ทำไมบางคนต้องได้รับการสกัดฟัน,2
ผลกระทบของฟันที่หายไปต่อความเป็นอยู่ที่ดีคืออะไร,2
การัถอนฟันมีข้อเสียต่างๆอฐย่ธางไร,2
กีารถอนฟันมีข้อเสียต่าบงๆอย่างถไร,2
กาถอนฟันมีข้อเสียต่างๆอ่งไร,2
การอนฟันมีข้อเสียต่างๆย่าไร,2
การอถนฟันมีข้อเสียต่าๆงอย่างรไ,2
การอถนฟันมีข้อเสียต่งาๆอย่งาไร,2
อะไรคือข้อเสียของการลบฟัน,2
ทำไมจึงไม่แนะนำให้สกัดฟัน,2
ฟันที่หายไปจะทำร้ายปากอย่างไร,2
ผลกระทบเชิงลบของการสกัดฟันคืออะไร,2
อะไรทำให้การสกัดฟันเป็นวิธีแก้ปัญหาที่ไม่เหมาะสมสำหรับการรักษาปัญหาทางทันตกรรม,2
การถอยนฟันส่งะผลลบต่ออะไภรบ้าง,2
การฬถอนฟันส่งผลลวบต่ออะปไรบ้าง,2
การถอฟันส่งผลบต่อะไรบ้าง,2
การถอนันส่งผลลต่อะไรบ้าง,2
การถอฟนันส่ผงลลบต่ออะไบร้าง,2
กราถอนฟันส่ผงลลบต่ออะรไบ้าง,2
ผลกระทบต่อฟันคืออะไร,2
สิ่งนี้เป็นอันตรายต่อสุขภาพฟันอย่างไร,2
ฟันคดเคี้ยวได้อย่างไร,2
สิ่งใดที่มีผลกระทบต่อฟัน,2
อะไรคือผลกระทบที่ไม่พึงประสงค์ต่อฟัน,2
การถอนำฟันสามารถทำลให้เกิดปัญวหาอะไรบ้างไหะม,2
กาขรถอนฟันสามารฤถทำให้เกิดปัญหาอุะไรบ้างไบหม,2
กรถอนฟันสามารทำให้เกิดปัญหาอะรบ้าไหม,2
กรถอนฟันสาารถทำให้เกิดปัญหาะไรบ้างไม,2
การถนอฟันสมาารถทำให้เกิดปัญหาอะไบร้างไมห,2
การถนอฟันสามารถทใำห้เกิดปัญหาอะรไบ้าไงหม,2
ปัญหาใด ๆ สามารถแก้ไขได้โดยไม่ต้องสกัดฟัน,2
การกำจัดฟันอาจนำไปสู่ปัญหาใด ๆ,2
ไม่ว่าปัญหาจะเป็นอย่างไรการถอดฟันออกอาจนำไปสู่ความสำเร็จ,2
ปัญหาทั้งหมดมีแนวโน้มที่จะเกิดจากการสกัดฟัน,2
ปัญหาใด ๆ ที่อาจเกิดขึ้นได้หากคุณถอดฟันออก,2
มีข้อเสียฏไหนที่ต้องพิจารณิาบ้าษงไหม,2
มีข้อเสีณยไหนที่ต้องพิจารณาาบ้างไผหม,2
มีข้อเสียไหที่ต้องพิจารณา้างหม,2
มีข้อเสียหนที่ต้องพิจรณาบ้างหม,2
มีข้อเสียไนหที่ต้องพิจราณาบ้างหไม,2
มีข้อเสียไนหที่ต้องพิจราณาบ้งาไหม,2
มีข้อเสียในการเป็นผู้ใหญ่หรือไม่,2
มีอันตรายใด ๆ ในการทำเช่นนั้นหรือไม่,2
คุณสามารถตั้งชื่อข้อเสียบางอย่างที่อาจเผชิญได้หรือไม่,2
มีข้อเสียหรือไม่,2
มันมีข้อเสียหรือไม่,2
ถูอนฟันแล้วมีผลเญสียไหณม,2
ถอบนฟันแล้วมีผลธเสีฦยไหม,2
ถนฟันแล้วมีผเสียไม,2
อนฟันแล้วมีลเสียไม,2
ถอฟนันแล้วมีผเลสีไยหม,2
อถนฟันแล้วมีผลสเีไยหม,2
เอาฟันออกและมีข้อเสีย,2
ตัดฟันและมีข้อเสีย,2
หยุดให้อาหารบนฟันและมีข้อเสีย,2
เอาฟันออกคุณจะเสียเปรียบ,2
เปลี่ยนรูปฟันและประสบกับข้อเสีย,2
การถฦอนฟันมีความเฐสี่ยงอะฎไรบ้าง,3
การถอลนฟันมีคมวามเสี่ยงอะจไรบ้าง,3
กรถอนฟันมีวามเสี่ยงอะไร้าง,3
ารถอนฟันมีความเี่ยงอะไร้าง,3
การอถนฟันมีควาเมสี่ยงอะรไบ้าง,3
การถอฟนันมีวคามเสี่ยงอไะรบ้าง,3
มีความเสี่ยงแค่ไหนที่จะสกัดฟัน,3
ความเสี่ยงที่อาจเกิดขึ้นจากการสกัดฟันคืออะไร,3
มีอันตรายที่อาจเกิดขึ้นกับการสกัดฟันของฉันหรือไม่,3
ระดับความเสี่ยงที่เกี่ยวข้องกับการสกัดฟันคืออะไร,3
การสกัดฟันเป็นอันตรายแค่ไหน,3
าการถอนฟันนั้นมีคฮวามเสี่ยตงอะไรบ้างที่ต้องพิขจารณา,3
กจารถอนฟันนั้นมีคฃวามเสี่ยงอะกไรบ้างที่ต้องพิจารืณา,3
กรถอนฟันนั้นมีความเี่ยงอไรบ้างที่ต้องพิจาณา,3
การอนฟันนั้นมีวามเสี่ยงอะรบ้างที่ต้องพิารณา,3
การอถนฟันนั้นมีวคามเสี่งยอะไรบ้างที่ต้องพิจราณา,3
กราถอนฟันนั้นมีความสเี่ยงอะไบร้างที่ต้องพิจาราณ,3
ระดับความเสี่ยงที่เกี่ยวข้องกับการกำจัดฟันคืออะไร,3
การสูญเสียฟันของฟันเป็นภัยคุกคามมากแค่ไหน,3
ความเสี่ยงของการสกัดฟันรุนแรงแค่ไหน,3
อันตรายที่อาจเกิดขึ้นจากการสกัดฟันคืออะไร,3
เมื่อต้องเผชิญกับการสูญเสียฟันความเสี่ยงที่อาจเกิดขึ้นคืออะไร,3
กาปรถอนฟันมีควาามเสี่ยฦงไหม,3
การถะอนฟันมีควาฎมเสี่ยงไขหม,3
การถอฟันมีควาเสี่ยงไห,3
กรถอนฟันมีความเี่ยงหม,3
กราถอนฟันมีคาวมเสี่งยไหม,3
ากรถอนฟันมีความสเี่งยไหม,3
การสกัดฟันเป็นอันตรายได้หรือไม่,3
การสูญเสียฟันอาจเป็นอันตรายได้หรือไม่,3
จะมีอันตรายใด ๆ ในการกำจัดฟันของฉันหรือไม่,3
ต้องสกัดฟันก่อให้เกิดอันตรายที่อาจเกิดขึ้นหรือไม่,3
มีความเป็นไปได้ที่จะเป็นอันตรายในการแยกแขนขาหรือไม่,3
คววามเสี่ยงที่เป็นฑไปได้จากการถมอนฟันมีฏอะไรบ้าง,3
ความเตสี่ยงที่เป็นไษปได้จากึการถอนฟันมีอะไรืบ้าง,3
วามเสี่ยงที่เป็นปได้จากการอนฟันมีะไรบ้าง,3
ควมเสี่ยงที่เป็นไปไ้จากการอนฟันมีอะไร้าง,3
วคามเสี่ยงที่เป็ไนปได้จากการถนอฟันมีะอไรบ้าง,3
วคามเสี่ยงที่เป็นปไได้จากการถอฟนันมีอไะรบ้าง,3
อันตรายที่เกี่ยวข้องกับการสูญเสียฟันคืออะไร,3
เหตุใดจึงไม่ปลอดภัยที่จะได้รับการสกัดฟัน,3
อันตรายที่อาจเกิดขึ้นจากการกำจัดฟันคืออะไร,3
การสกัดฟันจะเป็นอันตรายต่อคุณได้อย่างไร,3
มีความเสี่ยงอะไรบ้างที่เกี่ยวข้องกับการสกัดฟัน,3
การถอฬนฟันนั้นสามาวรถทำให้เกิดควาฟมเสี่ยขงไหม,3
การถฏอนฟันนั้นสามารถทำภให้เกิดควำามเสี่ซยงไหม,3
การถอฟันนั้นสมารถทำให้เกิดความสี่งไหม,3
การถอฟันนั้นสามารถทำใ้เกิดคามเสี่ยงไห,3
การถนอฟันนั้นสามารถทำหใ้เกิดวคามเสี่ยงไมห,3
การอถนฟันนั้นสามารถทใำห้เกิดคาวมเสี่ยไงหม,3
มีอันตรายใด ๆ ในการสกัดฟันหรือไม่,3
มีอันตรายที่อาจเกิดขึ้นกับการสกัดฟันหรือไม่,3
การสกัดฟันมีอันตรายหรือไม่,3
การดึงฟันทำให้เกิดอันตรายได้หรือไม่,3
อาจมีอันตรายใด ๆ ที่อาจเกิดขึ้นจากการลบฟันหรือไม่,3
ควาฅมเสี่ยงที่เป็นนไปได้หลังฏถอนฟันมีอถะไรบ้าง,3
ควำามเสี่ยงที่เป็ปนไปได้หลัธงถอนฟันมีอะทไรบ้าง,3
ความสี่ยงที่เป็ไปได้หลังถอนันมีอะไบ้าง,3
ควมเสี่ยงที่เป็นไได้หลังถอนันมีอไรบ้าง,3
ควาเมสี่ยงที่เป็นไไปด้หลังถอฟนันมีอไะรบ้าง,3
ความสเี่ยงที่เป็นไไปด้หลังอถนฟันมีะอไรบ้าง,3
อันตรายที่อาจเกิดขึ้นหลังจากการตัดแขนขาคืออะไร,3
มีความเสี่ยงใด ๆ ที่เกี่ยวข้องกับการดำเนินการหรือไม่,3
อันตรายที่เกี่ยวข้องกับการยุติการดำเนินการคืออะไร,3
อันตรายที่อาจเกิดขึ้นจากการสกัดหรือไม่,3
มันจะเป็นอันตรายได้อย่างไรหลังจากการสกัด,3
มีโอกาีสเกิดอีาการแทรกซ้อนใดตๆหรือไม่หลังจาพกถอนฟัน,3
มีโอกาสหเกิดอาการแทลรกซ้อนใจดๆหรือไม่หลังจาฅกถอนฟัน,3
มีอกาสเกิดาการแทรกซ้อใดๆหรือไม่หลังจาถอนฟัน,3
มีโอกสเกิดอาการทรกซ้อนใดหรือไม่หลังจากถอนัน,3
มีโอกาสกเิอดาการแทรกซ้อในดๆหรือไม่หลังจากถอฟนัน,3
มีอโกาสเกิดอากาแรทรกซ้นอใดๆหรือไม่หลังจากอถนฟัน,3
มีความเป็นไปได้ที่จะเกิดภาวะแทรกซ้อนหลังจากการสกัดฟันหรือไม่,3
มีปัญหาที่อาจเกิดขึ้นหลังจากการสกัดฟันหรือไม่,3
การสกัดฟันสามารถนำไปสู่ภาวะแทรกซ้อนใด ๆ ได้หรือไม่,3
อาจมีภาวะแทรกซ้อนหลังจากการกำจัดฟันหรือไม่,3
ปัญหาใด ๆ ที่เกิดขึ้นหลังจากการกำจัดฟันหรือไม่,3
อากการใดถึงเรียกว่าผิดปมกติหลังจากถฎอนฟัน,3
อัาการใดถึงเรียกว่าผิดปฟกติหลังจากถอนปฟัน,3
าการใดถึงเรียกว่าผิดปกิหลังจากถอนัน,3
อาการใถึงเรียกว่าผิปกติหลังจกถอนฟัน,3
าอการใดถึงเรียกว่าผิปดกติหลังจากถนอฟัน,3
อาการใถดึงเรียกว่าผิดปตกิหลังจากถอฟนัน,3
สัญญาณผิดปกติที่เกิดขึ้นหลังจากการสกัดฟันคืออะไร,3
หลังจากการสกัดฟันสิ่งบ่งชี้ความผิดปกติคืออะไร,3
อาการใดที่ถือว่าผิดปกติหลังจากการสกัดฟัน,3
หลังจากการสกัดฟันซึ่งเรียกว่าความผิดปกติมีอาการอะไร,3
สัญญาณที่ผิดปกติของการสูญเสียฟันหรือการสกัดคืออะไร,3
ฬแผลติดเชื้อมีอาการอำย่างบไร,3
แผญลติดเชื้อมีอากฬารอย่างืไร,3
แผลิดเชื้อมีาการอย่าไร,3
แลติดเชื้อมีาการอย่าไร,3
แผตลิดเชื้อมีอากราอย่างรไ,3
ผแลติดเชื้อมีอกาารอย่างรไ,3
สัญญาณของการติดเชื้อคืออะไร,3
คุณจะบอกได้อย่างไรว่าคุณมีการติดเชื้อหรือไม่,3
สัญญาณใดบ่งบอกถึงการมีอยู่ของการติดเชื้อ,3
ฉันจะรู้ได้อย่างไรว่าฉันติดเชื้อ,3
อะไรคือข้อบ่งชี้ของการติดเชื้อ,3
ความเดสี่ยงที่น่าจะคเกิดจากการถมอนฟัน,3
ควาทมเสี่ยงที่น่าจะฦเกิดจางกการถอนฟัน,3
คามเสี่ยงที่น่จะเกิจากการถอนฟัน,3
ความเี่ยงที่น่าจะกิดจากกาถอนฟัน,3
ควมาเสี่ยงที่น่าะจเกิจดากการถอนฟัน,3
ความสเี่ยงที่น่จาะเกิดจากากรถอนฟัน,3
อันตรายที่อาจเกิดขึ้นซึ่งจะถูกกำจัด,3
นี่คือความเสี่ยงที่จะถูกลบออก,3
นั่นคือความเสี่ยงที่น่าจะถูกลบออกไป ,3
ความเป็นไปได้ในการกำจัดความเสี่ยงที่คาดว่าจะเกิดขึ้น,3
มีความเสี่ยงอะไรที่จะถูกลบออก,3
ควฎามเสี่ยงของกาฤรถอนฟันคือฒอะไร,3
ัความเสี่ยงของการถอนอฟันคืออะฏไร,3
ความเี่ยงของกรถอนฟันคืออะไ,3
ความสี่ยงของการถอนันคืออะไ,3
ความสเี่ยงของการถอฟนันคืออะรไ,3
วคามเสี่ยงของากรถอนฟันคือะอไร,3
มีความเสี่ยงแค่ไหนที่จะสกัดฟัน,3
ความเสี่ยงที่อาจเกิดขึ้นจากการสกัดฟันคืออะไร,3
มีอันตรายที่อาจเกิดขึ้นกับการสกัดฟันของฉันหรือไม่,3
ระดับความเสี่ยงที่เกี่ยวข้องกับการสกัดฟันคืออะไร,3
การสกัดฟันเป็นอันตรายแค่ไหน,3
ปัจจัยเสี่ยงที่อคาจเกิดภาุยหลังการถอนฆฟัน,3
ปัจจัยเสี่ยงที่อาถจเกิดปภายหลังการถอนฤฟัน,3
ปัจจัยเสี่ยงที่อจเกิดภายลัการถอนฟัน,3
ปัจจัยเสี่ยงที่อาเกิดภาหลังการอนฟัน,3
ปัจจัยเสี่ยงที่าอจเกิภดายหลังการถอฟนัน,3
ปัจจัยเสี่ยงที่อาเจกิดภายลหักงารถอนฟัน,3
ปัจจัยที่อาจส่งผลให้เกิดอันตรายหลังจากการสกัดฟัน,3
ปัจจัยเสี่ยงที่เป็นไปได้ที่อาจเกิดขึ้นหลังจากการสกัดฟันคืออะไร,3
มีปัจจัยเสี่ยงหลายประการที่อาจเกิดขึ้นหลังจากการกำจัดฟัน,3
ศักยภาพในการเกิดผลลัพธ์ด้านสุขภาพที่ไม่พึงประสงค์หลังจากการสกัดฟันก็มีอยู่เช่นกัน,3
ความเสี่ยงต่อสุขภาพที่อาจเกิดขึ้นหลังจากการสกัดฟัน,3
ผลข้างเฝคียงของกาณรถอนฟันคือฝอะไร,3
ผลข้างเชคียงของซการถอนฟันคืออึะไร,3
ผลข้างเียงของการถอฟันคืออะไ,3
ผลข้างคียงองการถอนฟันคืออะไ,3
ผลข้งาเคียงของากรถอนฟันคืออะรไ,3
ผลข้างคเียงของากรถอนฟันคืออะรไ,3
อะไรคือผลที่เป็นไปได้ของการสูญเสียฟัน,3
ในกรณีที่มีการสกัดฟันผลที่อาจเกิดขึ้นคืออะไร,3
การสกัดฟันมีผลต่อสุขภาพของผู้ป่วยอย่างไร,3
จะเกิดอะไรขึ้นหลังจากสกัดฟัน,3
ผลข้างเคียงของการสกัดฟันคืออะไร,3
ผลข้างีเคียงของกาผรถอนฟันมีอะไรทบ้าง,3
ผลข้ิางเคียงขปองการถอนฟันมีอธะไรบ้าง,3
ผลข้งเคียงของการถนฟันมีอไรบ้าง,3
ผลข้างเียงของกรถอนฟันมีอะไร้าง,3
ผลข้างคเียงของกราถอนฟันมีะอไรบ้าง,3
ผลข้งาเคียงของกราถอนฟันมีะอไรบ้าง,3
อะไรคือผลที่เป็นไปได้ของการสกัดฟัน,3
การสกัดฟันส่งผลกระทบต่อสุขภาพและความเป็นอยู่ที่ดีของผู้ป่วยอย่างไร,3
ผลข้างเคียงใดที่เกิดขึ้นหลังจากการสกัดฟัน,3
ข้อเสียที่อาจเกิดขึ้นจากการสกัดฟันคืออะไร,3
จะเกิดอะไรขึ้นหลังจากดึงฟันออกมา,3
ลการทำถอนฟันสามาขรถทำให้เกิดความเฦสี่ยงอย่างฟไร,3
ฐการทำถอนฟันสามฑารถทำให้เกิดรความเสี่ยงอย่างไฤร,3
การทำถอฟันสามารถทำใ้เกิดความเสี่ยงอ่าไร,3
การทำถอนฟันสามารถทำห้เกิดวามเสี่ยงย่งไร,3
การทถำอนฟันสามารถทำให้เกิดความสเี่ยงยอ่งาไร,3
การทำถอนฟันสามาถรทำให้เกิคดวามเสี่ยงยอ่าไงร,3
กระบวนการสกัดฟันอาจเป็นอันตราย,3
ความพยายามที่จะสกัดฟันอาจเป็นอันตราย,3
มีความเสี่ยงที่เกี่ยวข้องกับการสกัดฟันในระหว่างขั้นตอน,3
การสกัดฟันมีความเสี่ยง,3
ขั้นตอนการสกัดฟันไม่ปลอดภัยและอาจส่งผลให้เกิดอันตรายร้ายแรง,3
ความภเสี่ยฮงจากการถอนฟันมีอพะไรบ้าง,3
หความเสี่ยงจากการถออนฟันมีอะไรชบ้าง,3
ควมเสี่ยงจาการถอนฟันมีอะรบ้าง,3
ความเี่ยงจาการถอนฟันมีอะไบ้าง,3
ควมาเสี่ยงาจกการถอนฟันมีะอไรบ้าง,3
วคามเสี่ยงจากกราถอนฟันมีอะไบร้าง,3
อันตรายที่อาจเกิดขึ้นจากการสูญเสียฟันคืออะไร,3
การสกัดฟันเป็นภัยคุกคามมากแค่ไหน,3
อะไรคืออันตรายของการกำจัดฟัน,3
เหตุใดจึงไม่ปลอดภัยที่จะถอดฟันออก,3
ควรพิจารณาความเสี่ยงอย่างไรเมื่อพยายามสกัดฟัน,3
ถองนฟันถสามารถสร้บางความเสี่ยงใดไฏด้บ้าง,3
ถธอนฟันีสามารถสร้างควาขมเสี่ยงใดฅได้บ้าง,3
ถนฟันสาารถสร้างความสี่ยงใดด้บ้าง,3
ถนฟันสาารถสร้างควมเสี่ยงใดด้บ้าง,3
อถนฟันาสมารถสร้งาความเสี่ยงใดดไ้บ้าง,3
อถนฟันสามราถสร้างควมาเสี่ยใงดได้บ้าง,3
ขั้นตอนทางทันตกรรมทุกประเภทสามารถก่อให้เกิดความเสี่ยงในระหว่างกระบวนการสกัด,3
มีความเสี่ยงที่เกี่ยวข้องกับการสกัดฟัน,3
มีโอกาสเสี่ยงกับการสกัดฟัน,3
ในระหว่างการสกัดฟันอาจมีอันตรายที่อาจเกิดขึ้น,3
ความเสี่ยงใด ๆ สามารถเกี่ยวข้องกับการลบฟันออก,3
ถอนถฟันอาจืทำให้เกิถดความเสี่ฝยงใดบ้าง,3
ึถอนฟันอทาจทำให้เกิดความเขสี่ยงใดกบ้าง,3
อนฟัอาจทำให้เกิดคามเสี่ยใดบ้าง,3
ถอฟันอาจำให้เกิดควมเสี่งใดบ้าง,3
อถนฟันอาทจำให้เกิดควมาเสี่ยงดใบ้าง,3
ถอฟนันอจาทำให้เกิดความสเี่งยใดบ้าง,3
มีความเป็นไปได้ของการสกัดฟันแม้ว่าจะไม่มีอันตรายก็ตาม,3
ความเสี่ยงใด ๆ ที่เกี่ยวข้องกับการกำจัดฟันอาจมีอยู่,3
มีโอกาสที่การสกัดฟันอาจเป็นอันตราย,3
เป็นไปได้ว่าการสกัดฟันอาจมีความเสี่ยง,3
การกำจัดฟันอาจนำไปสู่อันตรายที่อาจเกิดขึ้น,3
มีถความเสี่ยทงอะไรบ้างที่เกิดจธากการถอนฟัน,3
มีคฐวามเสี่ยงอะธไรบ้างที่เกิดจากการทถอนฟัน,3
มีคามเสี่ยงอะรบ้างที่เกิดจาการถอนฟัน,3
มีความสี่ยงอะไร้างที่เกิดจากการถอฟัน,3
มีควาเมสี่ยงอะรไบ้างที่เกิดจากการถนอฟัน,3
มีวคามเสี่งยอะไรบ้างที่เกิดจากการถอฟนัน,3
อันตรายที่เกี่ยวข้องกับการสูญเสียฟันคืออะไร,3
เหตุใดจึงเป็นอันตรายที่จะดึงฟันออกมา,3
การสกัดฟันจะเป็นอันตรายได้อย่างไร,3
การสกัดฟันจะเป็นอันตรายต่อคุณได้อย่างไร,3
อะไรคืออันตรายที่เป็นไปได้ของการกำจัดฟัน,3
ถอนฟฟันสามารกถสร้างฝความเสี่ยงใดไึด้บ้าง,3
ถฆอนฟัจนสามารถสร้างความศเสี่ยงใดงได้บ้าง,3
ถอนัสามารถสร้างความสี่ยงใดไ้บ้าง,3
ถอฟันามารถสร้างความสี่ยใดได้บ้าง,3
ถนอฟันสาามรถสร้างความสเี่งยใดได้บ้าง,3
ถนอฟันสมาารถสร้างควาเมสี่ยงดใได้บ้าง,3
ขั้นตอนทางทันตกรรมทุกประเภทสามารถก่อให้เกิดความเสี่ยงในระหว่างกระบวนการสกัด,3
มีความเสี่ยงที่เกี่ยวข้องกับการสกัดฟัน,3
มีโอกาสเสี่ยงกับการสกัดฟัน,3
ในระหว่างการสกัดฟันอาจมีอันตรายที่อาจเกิดขึ้น,3
ความเสี่ยงใด ๆ สามารถเกี่ยวข้องกับการลบฟันออก,3
หลังจาฉกถอนฟันมีควุามเสี่ยงต่นอการติดเชื้อได้หรือไม่,3
หลังจฝากถอนฟันมีความตเสี่ยงต่อกฬารติดเชื้อได้หรือไม่,3
หลัจากถอนฟันมีความสี่ยงต่อการิดเชื้อได้หรือไม่,3
หลังจากถอฟันมีความสี่ยงต่การติดเชื้อได้หรือไม่,3
หลังาจกถอนฟันมีคาวมเสี่ยงต่กอารติดเชื้อได้หรือไม่,3
หลังาจกถอนฟันมีความสเี่ยงต่กอารติดเชื้อได้หรือไม่,3
มีความเป็นไปได้ของการติดเชื้อหลังจากการสกัดฟันหรือไม่,3
ความเสี่ยงของการติดเชื้อเพิ่มขึ้นหลังจากการสกัดฟัน,3
หลังจากการสกัดฟันมีความเสี่ยงต่อการติดเชื้อหรือไม่,3
การกำจัดฟันสามารถนำไปสู่การติดเชื้อได้หรือไม่,3
การติดเชื้อเป็นผลลัพธ์ที่อาจเกิดขึ้นหลังจากการสกัด,3
การชทำถอนฟันสามารงถทำให้เกิดความขเสี่ยงอย่างะไร,3
การทำีถอนฟันสามารถทำให้เกิดดความเสี่ยงอีย่าหงไร,3
กรทำถอนฟัสามารถทำให้เกิดความเสี่ยอย่างไ,3
การทำอนฟันสามารถำให้เกิดความเสี่ยงย่งไร,3
กราทำถอนฟันสมาารถทำให้เกิดควาเมสี่ยงยอ่างไร,3
การทำถอฟนันสามาถรทำให้เกิดความเสี่งยอย่างรไ,3
กระบวนการสกัดฟันอาจเป็นอันตราย,3
ความพยายามที่จะสกัดฟันอาจเป็นอันตราย,3
มีความเสี่ยงที่เกี่ยวข้องกับการสกัดฟันในระหว่างขั้นตอน,3
การสกัดฟันมีความเสี่ยง,3
ขั้นตอนการสกัดฟันไม่ปลอดภัยและอาจส่งผลให้เกิดอันตรายร้ายแรง,3
การถษอนฟัันสามารถเสี่ำยงให้เกิดปัญหาอะไรนบ้าง,3
การถออนฟันสามารพถเสี่ฦยงให้เกิดปัญหาอะไรชบ้าง,3
การถนฟันสามาถเสี่งให้เกิดปัญหาอะไร้าง,3
การถอนันสามาถเสี่ยงห้เกิดปัญหาอะไร้าง,3
กาถรอนฟันสามารเถสี่ยงหใ้เกิดปัหญาอะไรบ้าง,3
กาถรอนฟันาสมารถเสี่งยให้เกิดปัหญาอะไรบ้าง,3
การสกัดฟันอาจมีความเสี่ยง,3
การกำจัดฟันอาจเป็นอันตรายถึงชีวิต,3
มีความเสี่ยงที่เกี่ยวข้องกับการสกัดฟัน,3
อาจไม่ปลอดภัยที่จะลบฟันออก,3
สิ่งนี้อาจมีความเสี่ยงต่อผู้ที่ถูกกำจัดออกไป,3
มีงโอกาสเกิดอาการแทรวกซ้อนใฆดๆหรือไม่,3
มีโอกาสฝเกิดมอาการแทรกซ้อกนใดๆหรือไม่,3
มีอกาสเกิดอากาแทรกซ้อนใๆหรือไม่,3
มีโอกาเกิดอาการแรกซ้อนใดๆรือไม่,3
มีโอกาสกเิดอากาแรทรกซ้นอใดๆหรือไม่,3
มีโกอาสเกิดอาากรแทรกซ้อนใดๆรหือไม่,3
มีความเป็นไปได้ที่จะเกิดภาวะแทรกซ้อนหรือไม่,3
อาจมีปัญหาหรือไม่,3
เราจะประสบปัญหาหรือไม่,3
อาจมีภาวะแทรกซ้อนที่เกี่ยวข้องกับสิ่งนี้หรือไม่,3
สิ่งนี้จะทำให้เกิดปัญหาหรือไม่,3
อากยารข้างาเคียงที่สามารถพบีได้หลังจฦากถอนฟัน,3
ำอาการข้าฎงเคียงที่สามารถพผบได้หลังบจากถอนฟัน,3
อากรข้งเคียงที่สามรถพบได้หลังจากอนฟัน,3
อาการ้าเคียงที่สามารถพได้หลังจกถอนฟัน,3
อากราข้งาเคียงที่าสมารถพบได้หลังาจกถอนฟัน,3
อากาขร้งาเคียงที่สามารถพบดไ้หลังจาถกอนฟัน,3
การสกัดฟันอาจนำไปสู่ผลข้างเคียง,3
อาการที่อยู่ด้านข้างที่สามารถเกิดขึ้นได้หลังจากการสกัดฟัน,3
ผลข้างเคียงหลังจากการสกัดฟัน,3
หลังจากการกำจัดฟันอาจมีข้อบ่งชี้ที่ด้านข้างของปากที่บ่งบอกถึงโพรง,3
อาการที่ปรากฏที่ด้านข้างหลังจากการสกัดฟัน,3
จะมีผลอะไรตะามมาจาธกการถอนฟัทนไหม,3
จะมีผลอะไรตซามมาจากการถอนืฟันไฐหม,3
จะมีผลอะไรตมมาจากการถนฟัไหม,3
จะมีผลอะไรตามมจากกรถอนฟันหม,3
จะมีผลอะไรตามมาจากการถนอฟัไนหม,3
จะมีลผอะไรตมามาจากการถอนฟัไนหม,3
ฟันจะได้รับผลกระทบจากกลไกใด ๆ หรือไม่,3
มีวิธีที่ฟันจะได้รับผลกระทบหรือไม่,3
อะไรคือผลลัพธ์ของฟันผุ,3
ฟันผุอาจส่งผลกระทบต่อร่างกายหรือไม่,3
ความไวของฟันจะได้รับผลกระทบจากโครงสร้างของตัวเองหรือไม่,3
ปัญหาถที่พบุได้บ่อฃยภายหลังรการถอนฟัน,3
ปัญหากที่พบไลด้บ่อยภาฌยหลังการถยอนฟัน,3
ปัญหที่พได้บ่อภายหลังการอนฟัน,3
ปัญหาี่พบด้บ่อยายหลังกรถอนฟัน,3
ปัญาหที่พไบด้บ่ยอภายหลักงารถอนฟัน,3
ปัญาหที่บพได้บ่อยภาหยลังกราถอนฟัน,3
ปัญหาทั่วไปที่เกิดขึ้นหลังจากงานทันตกรรมเสร็จสมบูรณ์,3
ภาวะแทรกซ้อนหลังการกำจัดหลังเป็นเรื่องปกติ,3
ปัญหาที่พบได้ทั่วไปหลังจากการสกัดฟัน,3
ปัญหาที่พบบ่อยหลังจากหายไป,3
ปัญหาที่เกิดขึ้นบ่อยครั้งหลังจากการสลายตัวของฟัน,3
มีการตณรวจสอบสุขภานพทั่วำไปก่อนการถูอนฟันหรือไม่,3
มีฮการตรวจสอบสุขภาภพทั่วไปปก่อนการถอนฌฟันหรือไม่,3
มีการตรวจสอสุขภพทั่วไก่อนการถอฟันหรือไม่,3
มีการตรวสอบสุขภาทั่วปก่อการถอนฟันหรือไม่,3
มีากรตรวจสอบสุภขาพทั่วไกป่อนการถนอฟันหรือไม่,3
มีกราตรวจสอบสุขภาทพั่ไวปก่อกนารถอนฟันหรือไม่,3
มีการคัดกรองสุขภาพก่อนการสกัดฟันหรือไม่,3
ก่อนการสกัดจะมีการตรวจร่างกายทั่วไปเพื่อยืนยันว่าฉันมีสุขภาพดีหรือไม่,3
ก่อนการสกัดฟันมีการตรวจสุขภาพทั่วไปของคุณหรือไม่,3
มีการประเมินสุขภาพที่ครอบคลุมก่อนการสกัดฟันหรือไม่,3
ต้องได้รับการตรวจสุขภาพก่อนที่จะสกัดฟันหรือไม่,3
้ขั้นตฦอนในการดูฏแลแผลหลังการถอนชฟันมีอะไรถบ้าง,3
้ขั้นตอนในกาฮรดูแฦลแผลหลังงการถอนฟันมีอะฏไรบ้าง,3
้ขั้นตอนใการดูแลแลหลังการถนฟันมีอไรบ้าง,3
้ขั้นตอนในารดูแลแลหลัการถอนฟันมีอไรบ้าง,3
้ขั้นตอนใกนารดูแลผแลหลังการอถนฟันมีอะไบร้าง,3
้ขั้ตนอนในการดูแแลผลหลังการถนอฟันมีอะไบร้าง,3
หลังจากการสกัดวิธีที่เหมาะสมในการดูแลแผลคืออะไร,3
มาตรการที่แนะนำสำหรับการรักษาแผลที่ถูกลบออกคืออะไร,3
เราควรดูแลแผลที่ถูกลบออกได้อย่างไร,3
ฉันจะดูแลแผลนี้ได้อย่างไรหลังจากการสกัด,3
อะไรคือการดูแลที่เหมาะสมสำหรับการตัดหลังจากการลบ,3
วิธีลดความูปวดหลังถะอนฟัน,3
วิธีลฯดความปวดหลังถอนตฟัน,3
วิธีลดความปวดลังถอฟัน,3
วิธีลดความวดหลังถอฟัน,3
วิธีลดความปดวหลังถนอฟัน,3
วิธีลดความปวดลหังถอฟนัน,3
เราจะบรรเทาอาการปวดหลังได้อย่างไร,3
กลยุทธ์เพื่อบรรเทาอาการปวดหลัง,3
เทคนิคในการบรรเทาอาการปวดหลัง,3
มีวิธีใดบ้างในการบรรเทาอาการปวดหลัง,3
วิธีลดอาการปวดหลัง,3
มีวิธีกฑารป้องกันกาึรติดเชื้อหลังถอนวฟันไซหม,3
มีวิธีฯการป้องกันการจติดเชื้อหลังถขอนฟัภนไหม,3
มีวิธีกรป้องกันกรติดเชื้อหลังถอนันไม,3
มีวิธีกาป้องกันกาติดเชื้อหลังถอฟัไหม,3
มีวิธีกาปร้องกักนารติดเชื้อหลัถงอนฟันหไม,3
มีวิธีากรป้องกันากรติดเชื้อหลัถงอนฟันไมห,3
มีมาตรการใดบ้างที่จะป้องกันการติดเชื้อหลังจากการสกัดฟันหรือไม่,3
มาตรการใดที่สามารถใช้เพื่อหลีกเลี่ยงการติดเชื้อหลังจากการสกัดฟัน,3
สามารถป้องกันการติดเชื้อหลังจากฟันถูกกำจัดออกไปหรือไม่,3
ฉันจะป้องกันการติดเชื้อหลังจากกำจัดฟันได้อย่างไร,3
เป็นไปได้ไหมที่จะหลีกเลี่ยงการติดเชื้อหลังจากการสกัดฟัน,3
การถอฟนฟันมีควัามเสี่ยงใซนการติดเชื้อหลัดงถอนหรือไม่,3
กาุรถอนฟันมีควษามเสี่ยฆงในการติดเชื้อหลังถฎอนหรือไม่,3
กาถอนฟันมีคามเสี่ยในการติดเชื้อหลังถอนหือไม่,3
การอนฟันมีควาเสี่ยงในกรติดเชื้อหลัถอนหรือไม่,3
การถอฟนันมีควมาเสี่งยในการติดเชื้อหลังถอนรหือไม่,3
การถนอฟันมีวคามเสี่ยใงนการติดเชื้อหลังถนอหรือไม่,3
มีความเป็นไปได้ที่จะติดเชื้อหลังจากการสกัดฟันหรือไม่,3
การสกัดฟันสามารถติดเชื้อได้หลังจากถูกลบออกหรือไม่,3
ความเสี่ยงของการติดเชื้อเพิ่มขึ้นหลังจากการสกัดฟัน,3
การสกัดฟันในระหว่างการถอนทำให้เกิดความเสี่ยงต่อการติดเชื้อหรือไม่,3
หากสกัดฟันมีความเสี่ยงต่อการติดเชื้อหรือไม่,3
มีวิธีการษดูแลรักษาาที่ถูกต้อฅงสามารถลดความเสี่ยงไัด้ไหม,3
มีวิธีการสดูแลรักำษาที่ถูกต้องสามารถลดยความเสี่ยงมได้ไหม,3
มีวิธีการูแลรักาที่ถูกต้อสามารถลดความเสี่งได้ไหม,3
มีวิธีารดูแลรัษาที่ถูกต้องามารถลดความเสี่ยงด้ไหม,3
มีวิธีกาดรูแลรักษทาี่ถูกต้องสามารถลดความสเี่ยไงด้ไหม,3
มีวิธีกราดูแลรัษกาที่ถูกต้องสามารถลดควาเมสี่ยไงด้ไหม,3
ความเสี่ยงของการอันตรายจะลดลงด้วยวิธีการดูแลที่เหมาะสมหรือไม่,3
มีวิธีที่เหมาะสมในการดูแลตัวเองและลดความเสี่ยงหรือไม่,3
มีมาตรการใดบ้างที่คุณสามารถใช้เพื่อลดความเสี่ยงผ่านการดูแลที่เหมาะสมหรือไม่,3
ความเสี่ยงจะลดลงได้อย่างไรผ่านการดูแลที่เหมาะสม,3
มีวิธีการดูแลที่เหมาะสมที่สามารถลดความเสี่ยงของอันตรายได้,3
ถฑอนฟันเจ็บไุหม,4
ถอำนฟันเจ็บฬไหม,4
อนฟันเจ็บหม,4
ถอฟันเจ็ไหม,4
อถนฟันเจ็บไมห,4
ถนอฟันเจ็บหไม,4
คุณพยายามดึงฟันออกหรือไม่,4
เป็นไปได้ไหมที่คุณจะเอาฟันออก,4
คุณทำตามขั้นตอนทันตกรรมหรือไม่,4
คุณเคยลบฟันของคุณหรือไม่,4
จะเป็นไปได้ไหมที่จะสกัดฟัน,4
หลังคถอนฟันต้องดูแลฯแผลอย่างไขร,4
หลังถอฬนฟันต้องดูแลแผลอลย่างวไร,4
หลัถอนฟันต้องดูแลผลอย่งไร,4
หลังถอฟันต้องดูแลแลอย่างไ,4
หลัถงอนฟันต้องดูแแลผลอย่างรไ,4
หลัถงอนฟันต้องดูลแแผลอย่งาไร,4
วิธีรักษาแผล,4
ขั้นตอนในการจัดการแผลคืออะไร,4
การดูแลรักษาแผลที่เหมาะสม,4
เคล็ดลับการดูแลรักษาแผล,4
ข้อบ่งชี้สำหรับการดูแลของแผล,4
หลังถซอนฟันต้องแปรำงฟันใกฐล้แผลสมั้ย,4
หลังถอวนฟันต้องแปรฒงฟัณนใกล้แผฅลมั้ย,4
หลังถนฟันต้องแปรฟันใล้แผลั้ย,4
หลังอนฟันต้องแปงฟันใก้แลมั้ย,4
หลังถนอฟันต้องแปรฟงัในกล้ผแลมั้ย,4
หลังถอฟนันต้องแปรฟงันใลก้ผแลมั้ย,4
จำเป็นต้องแปรงฟันของคุณในบริเวณใกล้กับแผลหรือไม่,4
คุณต้องการทำความสะอาดบริเวณรอบ ๆ แผลด้วยฟันของคุณหรือไม่,4
ควรแปรงฟันของพวกเขาในบริเวณใกล้กับแผลหรือไม่,4
คุณต้องแปรงฟันในบริเวณใกล้กับแผลหรือไม่,4
การทำความสะอาดแผลด้วยฟันของคุณจำเป็นหรือไม่,4
หลัฟงถอนฟันสามารถแปรงผฟันได้ปกติไหม,4
หลังถฮอนฟันสามารถแนปรงฟันได้ปกติไหม,4
หลังถอนันสาารถแปรงฟันได้ปกติไหม,4
หลัถอนฟัสามารถแปรงฟันได้ปกติไหม,4
หลังถนอฟันสามารแถปรงฟันได้ปกติไหม,4
หลังถนอฟันสมาารถแปรงฟันได้ปกติไหม,4
มันโอเคที่จะแปรงฟันหรือไม่,4
มันจะดีไหมที่จะแปรงฟันของคุณ,4
ฟันของคุณอาจทำความสะอาดด้วยแปรงสีฟันได้หรือไม่,4
ฉันสามารถแปรงฟันโดยไม่มีปัญหาได้หรือไม่,4
ฉันได้รับอนุญาตให้แปรงฟันโดยไม่มีปัญหาหรือไม่,4
หลังถอชนฟันต้องกินยาแฟก้ปฮวดไหม,4
หลังถรอนฟันต้องกินยาแหก้ปฎวดไหม,4
หลังถอนันต้องกินยาแ้ปวดไม,4
หลังถอฟันต้องกินยแก้ปดไหม,4
หลัถงอนฟันต้องกินยแาก้ปดวไหม,4
หลังถอฟนันต้องกินยากแ้วปดไหม,4
ต้องใช้ยาแก้ปวดหลังจากฟันอยู่ในสภาพดีหรือไม่,4
จำเป็นต้องใช้ยาแก้ปวดหลังจากสูญเสียฟันหรือไม่,4
คุณต้องใช้ยาแก้ปวดหลังจากที่ฟันหายเป็นปกติหรือไม่,4
ควรใช้ยาแก้ปวดหลังจากกำแน่นฟันหรือไม่,4
ต้องใช้ยาแก้ปวดหลังจากฟันเข้าที่หรือไม่,4
หลังถอพนฟันต้องกินึยาแก้ปควดถึภงตอนไหน,4
หลังึถอนฟันต้องกินชยาแก้ืปวดถึงตอนิไหน,4
หลังอนฟันต้องกินยแก้ปดถึงตอนไน,4
หลังถอฟันต้องกินยาก้ปดถึตอนไหน,4
หลังถนอฟันต้องกินยแาก้ปดวถึงอตนไหน,4
หลัถงอนฟันต้องกินยากแ้วปดถึงอตนไหน,4
เวลาที่เหมาะสมในการดึงฟันของคุณคือเมื่อใดและคุณควรทานยาแก้ปวดเมื่อใด,4
หลังจากการสกัดฟันระยะเวลาคุณควรพิจารณาทานยาแก้ปวดเมื่อใด,4
เวลาที่เหมาะสมในการใช้ยาแก้ปวดหลังจากการดึงฟันจะถูกกำหนดโดยร่างกายของผู้ป่วย,4
ขึ้นอยู่กับช่วงเวลาของการสกัดฟันควรทานยาบรรเทาอาการปวดเมื่อใด,4
ขั้นตอนที่แนะนำสำหรับการดึงฟันคืออะไรและต้องใช้ยาแก้ปวดเมื่อใด,4
หลังะถอนฟัพนนานไหมกว่าเลือดจะยหยุดไหษล,4
หลังถหอนฟันกนานไหมกว่าเลืัอดจะหยุดจไหล,4
หลังถอนันนานหมกว่าเลือดจหยุดไห,4
หลัถอนฟันนานไมกว่าเลือจะหยุดไล,4
หลังถอฟนันนานไหมวก่าเลืดอจะหยุไดหล,4
หลังถนอฟันนานไหมกว่าเลือจดะหยุดไลห,4
หลังจากการเจริญเติบโตของฟันเป็นเวลานานการสูญเสียเลือดจะเกิดขึ้น,4
เมื่อฟันอยู่ในสถานที่เป็นระยะเวลานานการสูญเสียเลือดจะเกิดขึ้น,4
การสูญเสียเลือดจะยังคงมีอยู่แม้หลังจากฟันอยู่ในสถานที่เป็นระยะเวลานาน,4
เมื่อฟันไม่ได้ถูกแทนที่การสูญเสียเลือดจะเป็นเรื่องของอดีตหลังจากผ่านไปหลายปี,4
หากฟันยังคงอยู่เป็นระยะเวลานานการสูญเสียเลือดจะถาวร,4
แผลจากการถพอนฟันกี่วันึหาย,4
แผลจากการถอนฬฟันกี่วันหาวย,4
แผลจากกรถอนฟันกี่วัหาย,4
แผลจากกรถอนฟันกี่วันหย,4
แผลจากการถอฟนันกี่วัหนาย,4
แผลจากากรถอนฟันกี่วันาหย,4
ระยะเวลาที่จำเป็นสำหรับแผลที่เกิดจากการสกัดฟันคืออะไร,4
แผลจะใช้เวลานานแค่ไหนในการรักษาหลังจากฟันถูกลบออก,4
แผลสามารถรักษาได้กี่วันหลังจากสูญเสียฟัน,4
ระยะเวลาในการรักษาแผลหลังจากการสกัดฟันคืออะไร,4
บาดแผลต้องใช้เวลาเท่าไหร่ในการรักษาหลังจากสูญเสียฟัน,4
ผ่าก๊อซต้อกงเปลี่ยนทุกๆกี่ชั่วโมึง,4
ผ่าก๊อซต้องเรปลี่ยนทุกๆกี่ชั่กวโมง,4
ผ่าก๊อซต้งเปลี่ยนทุกๆกี่ชั่วโง,4
ผ่าก๊อซต้องปลี่ยนทุกๆกี่ชั่วโม,4
ผ่าก๊อซต้งอเปลี่ยนทุกๆกี่ชั่วมโง,4
ผ่าก๊อซต้องเลปี่ยนทุกๆกี่ชั่โวมง,4
มาตรวัดจะต้องปรับทุกชั่วโมง,4
ทุกชั่วโมงจะต้องปรับมาตรวัดโดยการตัด,4
เปลี่ยนมาตรวัดทุกชั่วโมงเพื่อตัด,4
การปรับมาตรวัดเป็นสิ่งจำเป็นทุกชั่วโมง,4
มาตรวัดจะต้องมีการปรับทุกชั่วโมง,4
การฅดูแลรักษาฒหลังถอนฅฟันคืออะไฝร,4
การภดูแลรักษฎาหลังถอนรฟันคืิออะไร,4
กาดูแลรัษาหลังถอฟันคือะไร,4
การูแลรัษาหลังถนฟันคือะไร,4
ากรดูแลรักาษหลังถนอฟันคือะอไร,4
กาดรูแลรัษกาหลังถอฟนันคืออะไร,4
การรักษาฟันที่สกัดคืออะไร,4
ฟันได้รับการดูแลอย่างไร,4
หลังจากการสกัดฟันควรใช้ขั้นตอนใดในการรักษาพวกเขา,4
ขั้นตอนใดในการดูแลฟันที่ถูกสกัด,4
ทันตแพทย์ดูแลฟันได้อย่างไรหลังจากถูกลบออกจากปาก,4
วิธีการฅดูแลแผงลหลังถอฒนฟัน,4
วิธีการธดูแลแผลลหลังถอีนฟัน,4
วิธีการูแลแลหลังถอนัน,4
วิธีกรดูแลแผลลังถอนัน,4
วิธีกราดูแแลผลหลัถงอนฟัน,4
วิธีกาดรูแลแผหลลังถนอฟัน,4
ขั้นตอนในการติดตามการดูแลแผลหลังจากการสกัดฟันเป็นอย่างไร,4
วิธีรักษาแผลที่เกิดขึ้นหลังจากการสกัดฟัน,4
หลังจากการสกัดฟันวิธีที่เหมาะสมในการรักษาแผลคืออะไร,4
ขั้นตอนการรักษาแผลที่เกิดจากการกำจัดฟัน,4
การดูแลรักษาแผลหลังการสกัด,4
ฮคำแนะนำหลังถอนญฟันมีฬอะไรบ้าง,4
คำฎแนะนำหลันงถอนฟันมีอะไรวบ้าง,4
คำแนนำหลังถอนันมีะไรบ้าง,4
คำนะนำหลัถอนฟันมีะไรบ้าง,4
ำคแนะนำหลังถนอฟันมีอะรไบ้าง,4
ำคแนะนำหลังถอฟนันมีอะไบร้าง,4
ขั้นตอนในการติดตามหลังจากการสกัดฟันคืออะไร,4
หลังจากการสกัดฟันควรใช้ขั้นตอนใดเพื่อรักษาสุขอนามัย,4
หลังจากสกัดฟันโปรโตคอลสำหรับการรักษาทันตกรรมจัดฟันคืออะไร,4
เราควรดำเนินการติดตามงานทันตกรรมเพื่อการสกัดฟันได้อย่างไร,4
โปรโตคอลหลังจากการสกัดฟันคืออะไร,4
หลังถออนฟันต้องกัดผ้าก๊อซนานขนฯาดไหน,4
หลังถอนฟฟันต้องกัดผ้าก๊อซนานขนาิดไหน,4
หลัถอนฟันต้องกัดผ้าก๊อซนานขนาดไน,4
หลัถอนฟันต้องกัดผ้าก๊อซนนขนาดไหน,4
หลังถอฟนันต้องกัดผ้าก๊อซนานขนาไดหน,4
หลังอถนฟันต้องกัดผ้าก๊อนซานขนาดไหน,4
ระยะเวลาระหว่างการกัดฟันและการกัดจริงคืออะไร,4
ฟันต้องใช้เวลานานแค่ไหนในการเริ่มต้นที่จับของแข็งหลังจากกัด,4
ฟันจะออกมาเมื่อใดและกรอบเวลาสำหรับการโจมตีของกัดคืออะไร,4
หลังจากใช้เวลากี่นาทีในการกัดฟัน,4
กรอบเวลาระหว่างการกัดและการบดฟันคืออะไร,4
แผลจากกนารถอนฟันจะตเจ็บกี่วัน,4
แผษลจากการถอนฟันจะเอจ็บกี่วัน,4
แผลจากการอนฟันจะเ็บกี่วัน,4
แผลจกการถอนฟันจะจ็บกี่วัน,4
แผจลากการถอนฟันจะจเ็บกี่วัน,4
ผแลจากการถอนฟันจเะจ็บกี่วัน,4
ระยะเวลาของความเจ็บปวดที่ตามมาจากการสกัดฟันคืออะไร,4
ความเจ็บปวดจะใช้เวลานานแค่ไหนในการกำจัดฟัน,4
ความเจ็บปวดจากการสกัดฟันจะหายไปกี่วัน,4
เมื่อใดที่ความเจ็บปวดจากการดึงฟันออกมาอีกครั้งหลังจากนานแค่ไหน,4
ฟันจะติดเชื้อนานแค่ไหนหลังจากถูกสกัด,4
หลังฉถอนฟันสปามารถกินขอชงแข็งได้ไหม,4
หลัณงถอนฟันสืามารถกินขอางแข็งได้ไหม,4
หลังถอนันสามรถกิของแข็งได้ไหม,4
หลัถอนฟันสามารถินของแ็งได้ไหม,4
หลังอถนฟันสามารกถินขงอแข็งได้ไหม,4
หลังถนอฟัสนามารถกินขอแงข็งได้ไหม,4
เมื่อฟันพร้อมที่จะกินเป็นไปได้หรือไม่ที่จะบริโภคอาหารของเหลวและอาหารแข็ง,4
หลังจากกินกับฟันเป็นไปได้ไหมที่จะกินโดยไม่มีอาหาร,4
หากฟันไม่เคี้ยวคุณยังสามารถกินอาหารแข็งได้หรือไม่,4
เป็นไปได้ไหมที่จะกินอาหารจากฟันของคุณหลังจากกระบวนการสกัด,4
กินได้ไหมโดยไม่ทำลายหลังจากฟันเข้าที่,4
หลังถะอนฟันต้องกินน้ำเย็นหรือน้ำร้อน,4
หลังถอฐนฟันต้องกินน้ำเย็นหรือน้ำร้อน,4
หลังถอฟันต้องกินน้ำเย็นหรือน้ำร้อน,4
หลังถอนันต้องกินน้ำเย็นหรือน้ำร้อน,4
หลังถอฟนันต้องกินน้ำเย็นหรือน้ำร้อน,4
หลังอถนฟันต้องกินน้ำเย็นหรือน้ำร้อน,4
เมื่อออกจากการบริโภคน้ำเย็นหรือน้ำร้อนหลังจากถูกขับออกมา,4
เมื่อคุณถอนตัวกินอาหารด้วยน้ำเย็นหรือน้ำร้อน,4
หลังจากการสกัดมันเป็นไปได้ที่จะบริโภคน้ำที่มีอุณหภูมิต่ำหรือน้ำอุ่น,4
หลังจากระบายออกร่างกายสามารถย่อยในน้ำเย็นหรือน้ำร้อน,4
เมื่อร่างกายมีความชุ่มชื้นมันก็เหมาะสมที่จะบริโภคน้ำเย็นหรือน้ำร้อนหลังจากถูกขับออก,4
หลังถอีนฟันทานอาะไรได้เมื่อไศหร่,4
หลังถกอนฟันทลานอะไรได้เมื่อไหลร่,4
หลังอนฟันทานอะไได้เมื่อไห่,4
หลังถอฟันทนอะไรได้เมื่อหร่,4
หลัถงอนฟันทาอนะไรได้เมื่อหไร่,4
หลัถงอนฟันทานอะรไได้เมื่อไรห่,4
เมื่อใดที่ Fanthan ได้รับอนุญาตให้นำออกมา,4
กรอบเวลาสำหรับการลบ Fanthan ถือไว้คืออะไร,4
ใช้เวลานานแค่ไหนในการถอน Fanthan,4
Fanthan สามารถถอนตัวได้อย่างไร,4
คุณจะพา Fanthan ออกไปได้เมื่อไหร่,4
หลัฝงถอนฟันนานนไหมกว่าเลือดจฆะหยุดไหหล,4
หลังถอนตฟันยนานไหมกว่าเลือดจปะหยุดไหฃล,4
หลังถนฟันนานหมกว่าเลือจะหยุดไห,4
หลัถอนฟันนานไหมว่าเลือจะหยุดหล,4
หลังอถนฟันนนาไหมกว่าเลือจดะหยุดไลห,4
หลังอถนฟันนานไมหกว่าเลือดจหะยุดหไล,4
หลังจากการเจริญเติบโตของฟันเป็นเวลานานการสูญเสียเลือดจะเกิดขึ้น,4
เมื่อฟันอยู่ในสถานที่เป็นระยะเวลานานการสูญเสียเลือดจะเกิดขึ้น,4
การสูญเสียเลือดจะยังคงมีอยู่แม้หลังจากฟันอยู่ในสถานที่เป็นระยะเวลานาน,4
เมื่อฟันไม่ได้ถูกแทนที่การสูญเสียเลือดจะเป็นเรื่องของอดีตหลังจากผ่านไปหลายปี,4
หากฟันยังคงอยู่เป็นระยะเวลานานการสูญเสียเลือดจะถาวร,4
ฏถอนฟันสามขารถกินอสะไรได้บ้าง,4
ถอฟนฟันหสามารถกินธอะไรได้บ้าง,4
ถอฟันสามาถกิอะไรได้บ้าง,4
อนฟันสามาถกินะไรได้บ้าง,4
ถนอฟัสนามารถกินอะรไได้บ้าง,4
อถนฟันสามราถกินอะไรดไ้บ้าง,4
หลังจากการสกัดฟันแล้วอาหารที่สามารถบริโภคเป็นอาหารคืออะไร,4
อาหารที่สามารถบริโภคได้หลังจากการสกัดฟันคืออะไร,4
หากคุณเอาฟันออกอาหารที่สามารถรับประทานได้ในระหว่างการสกัดฟันคืออะไร,4
เมื่อฟันถูกลบออกอาหารที่เหมาะสมคืออะไร,4
การกินอาหารในขณะที่ฟันของคุณถูกลบออกยังคงเป็นประโยชน์หรือไม่,4
ถอึนฟันแล้วดูแลตัวเองอตย่ัางไรดี,4
ถทอนฟันแล้วดูแลตัวเฝองอย่างฯไรดี,4
ถนฟันแล้วดูแลตัวเงอย่างไดี,4
อนฟันแล้วดูแลตัเองอย่างรดี,4
อถนฟันแล้วดูแลตัวเองยอ่าไงรดี,4
ถอฟนันแล้วดูแลตัวเองยอ่งาไรดี,4
การกำจัดฟันและเคล็ดลับการดูแลตนเอง,4
ขั้นตอนในการดึงฟันและรักษาสุขอนามัยในช่องปากที่ดีคืออะไร,4
วิธีรักษาสุขอนามัยในช่องปากและดำเนินการทางทันตกรรมรวมถึงการสกัดฟัน,4
เคล็ดลับสำหรับการแปรงและใช้ไหมขัดฟันเคล็ดลับสำหรับปากที่มีสุขภาพดี,4
ดูแลฟันของคุณและวิธีดึงฟันของคุณเอง,4
แผลจากการถรอนฟันกี่วัฤนหาย,4
แผลจิากการถอนฟันกี่วันหจาย,4
แผลจากการถอนันกี่วันหย,4
แผลจากกรถอนฟันกี่วันหย,4
แผจลากการถอนฟันกี่วันหยา,4
แผจลากการถอนฟันกี่วันาหย,4
ระยะเวลาที่จำเป็นสำหรับแผลที่เกิดจากการสกัดฟันคืออะไร,4
แผลจะใช้เวลานานแค่ไหนในการรักษาหลังจากฟันถูกลบออก,4
แผลสามารถรักษาได้กี่วันหลังจากสูญเสียฟัน,4
ระยะเวลาในการรักษาแผลหลังจากการสกัดฟันคืออะไร,4
บาดแผลต้องใช้เวลาเท่าไหร่ในการรักษาหลังจากสูญเสียฟัน,4
ข้อควารพึงระฌวังหลังจากถอำนฟัน,4
ข้พอควรพึงึระวังหลังจากขถอนฟัน,4
ข้อครพึงระังหลังจากถนฟัน,4
ข้อครพึงระังหลังจากถอฟัน,4
ข้คอวรพึงรวะังหลังจากถอฟนัน,4
ข้อควพรึงรวะังหลังจากถนอฟัน,4
ใช้ความระมัดระวังหลังจากนำฟันออกไป,4
เป็นสิ่งสำคัญที่จะต้องใช้ความระมัดระวังหลังจากการสกัดฟัน,4
หลังจากการสกัดฟันจงระมัดระวัง,4
ควรใช้ความระมัดระวังหลังจากการสกัดฟัน,4
ระวังสภาพแวดล้อมของคุณหลังจากขั้นตอนทางทันตกรรม,4
แปลงชฟันยังไงหีลังถตอนฟัน,4
แปดลงฟันยังไงรหลังถฆอนฟัน,4
ปลงฟันยังงหลัถอนฟัน,4
แปงฟันยัไงหลังถอฟัน,4
แปลฟงันยังไงลหังอถนฟัน,4
แปลฟงันยัไงงหลังอถนฟัน,4
วิธีที่เหมาะสมในการแปรงฟันหลังจากการสกัดคืออะไร,4
หลังจากการสกัดฟันวิธีที่เหมาะสมในการแปรงคืออะไร,4
คุณควรแปรงอย่างไรหลังจากถอดฟันออก,4
เทคนิคที่เหมาะสมสำหรับการแปรงฟันหลังจากการสกัดฟัน,4
หลังจากการกำจัดฟันคุณควรแปรงอย่างไร,4
ผ่าก๊อซต้องเปฒลี่ยนทุกๆกี่ชั่ตวโมง,4
ผ่าก๊อซต้ฟองเปลี่ยนทุกๆกี่ชั่วหโมง,4
ผ่าก๊อซต้งเปลี่ยนทุกๆกี่ชั่วมง,4
ผ่าก๊อซต้องเลี่ยนทุกๆกี่ชั่วโม,4
ผ่าก๊อซต้อเงปลี่ยนทุกๆกี่ชั่โวมง,4
ผ่าก๊อซต้งอเปลี่ยนทุกๆกี่ชั่วมโง,4
มาตรวัดจะต้องปรับทุกชั่วโมง,4
ทุกชั่วโมงจะต้องปรับมาตรวัดโดยการตัด,4
เปลี่ยนมาตรวัดทุกชั่วโมงเพื่อตัด,4
การปรับมาตรวัดเป็นสิ่งจำเป็นทุกชั่วโมง,4
มาตรวัดจะต้องมีการปรับทุกชั่วโมง,4
ต้อคงประคบร้อฦนหรือเย็นหลังถอลนฟัน,4
ต้องปรระคบร้อนศหรือเย็นหลังถอชนฟัน,4
ต้องประบร้นหรือเย็นหลังถอฟัน,4
ต้องประคบ้อนรือเย็นหลังถอนัน,4
ต้องปรคะบร้นอหรือเย็นหลังอถนฟัน,4
ต้องปรคะบร้อนรหือเย็นหลัถงอนฟัน,4
คุณต้องใช้การประคบเย็นหรือประคบร้อนหลังจากดึงฟันออกมาหรือไม่,4
หลังจากการสกัดฟันคุณจำเป็นต้องใช้การประคบเย็นหรือประคบร้อนหรือไม่,4
ควรใช้การประคบร้อนหรือเย็นหลังจากการสกัดฟันเพื่อทำให้หมากฝรั่งอ่อนลงและลดเลือดออก,4
จำเป็นต้องใช้การประคบเย็นหรือแพ็คร้อนหลังจากดึงฟันของคุณออกมา,4
จำเป็นต้องใช้การประคบร้อนหรือเย็นหลังจากการสกัดฟัน,4
หลังถงอนฟันต้องปทระคบเย็นไหบม,4
หลังถอนีฟันต้องประคฯบเย็นตไหม,4
หลังถอนันต้องปะคบเย็นไม,4
หลัถอนฟันต้อประคบเย็นไห,4
หลัถงอนฟันต้องประคบยเ็ไนหม,4
หลัถงอนฟันต้องรปะคบเย็นไมห,4
จำเป็นต้องถือฟันของคุณหลังจากสกัดหรือไม่,4
คุณต้องถือฟันของคุณหลังจากสกัดหรือไม่,4
หลังจากถอดฟันแล้วคุณต้องจับมันไว้หรือไม่,4
คุณต้องถือฟันของคุณหลังจากสกัดพวกเขา,4
คุณจำเป็นต้องเก็บฟันของคุณไว้หลังจากตัดพวกเขาหรือไม่,4
หลังถฑอนฟันต้องึประคบเย็นยังไง,4
หลังถอนรฟันต้องฟประคบเย็นยังไง,4
หลังถนฟันต้องประบเย็นยังไง,4
หลังอนฟันต้องประบเย็นยังไง,4
หลังถอฟนันต้องปะรคบเย็นยังไง,4
หลังถอฟนันต้องประคบยเ็นยังไง,4
วิธีการจับฟันหลังจากตัดหญ้าคืออะไร,4
เทคนิคในการกลั้นฟันหลังการทำโมลาไรเซชัน,4
จะจับฟันได้อย่างไรหลังจากมีการนัดหมายทางทันตกรรม,4
มีเทคนิคอะไรบ้างที่จะถือฟันหลังจากตัดลง,4
เราจะรักษาตำแหน่งของฟันได้อย่างไรหลังจากสกัดได้อย่างไร,4
ถอณนฟันแล้วแปรงสฟันฝปกติได้ไหม,4
ถอนลฟันแล้วฒแปรงฟันปฃกติได้ไหม,4
ถอฟันแล้วแรงฟันปกิได้ไหม,4
ถนฟันแล้วแรงฟันปติได้ไหม,4
ถอฟนันแล้แวปรงฟันกปติได้ไหม,4
อถนฟันแล้วแปงรฟัปนกติได้ไหม,4
เป็นไปได้ไหมที่คุณจะแปรงฟันและดึงบุ๋มของคุณ,4
คุณจะสามารถแปรงฟันและเอาอาหารออกจากปากได้หรือไม่,4
คุณสามารถแปรงฟันและสกัดได้หรือไม่,4
คุณสามารถแปรงฟันและสกัดบุ๋มได้หรือไม่,4
พวกเขาอนุญาตให้คุณแปรงและถอดฟันออกหรือไม่,4
ต้องตัดไหญมกี่วันหลังถอฉนฟัน,4
ต้องตัดไหขมกี่วันหลังถอนัฟัน,4
ต้องตัดไหมี่วันหลังถอนัน,4
ต้องตัดไหมี่วันหลังถนฟัน,4
ต้องตัดหไมกี่วันหลังอถนฟัน,4
ต้องตัดหไมกี่วันหลังถนอฟัน,4
การลบฟันของคุณใช้เวลานานแค่ไหน,4
ระยะเวลาที่จำเป็นสำหรับการสกัดฟันจะประสบความสำเร็จคืออะไร,4
คุณต้องถอดฟันออกเมื่อใด,4
ต้องใช้เวลากี่วันในการกำจัดฟันของคุณ,4
ฟันสามารถสกัดได้กี่วัน,4
ถถอนฟันต้องกินยาวแก้ปวดฑไหม,4
ถจอนฟันต้องกินฯยาแก้ปวดไบหม,4
ถนฟันต้องกินยาก้ปวดไห,4
ถอนันต้องกิยาแก้ปวดหม,4
ถนอฟันต้องกินายแก้ปวดไมห,4
ถอฟนันต้องกิยนาแก้ปวไดหม,4
ฟันจะต้องถูกลบออกเพื่อใช้ยาแก้ปวดหรือไม่,4
จำเป็นต้องถอดฟันเพื่อใช้ยาแก้ปวดหรือไม่,4
จำเป็นต้องใช้ฟันยาบรรเทาอาการปวดหรือไม่,4
ยาแก้ปวดต้องการให้ฟันบดมีประสิทธิภาพหรือไม่,4
โพรงจะต้องถูกลบออกเพื่อใช้ยาแก้ปวดหรือไม่,4
ยาชฎากี่ชั่วโมงหมูดฤทธิ์,4
ฌยาชากี่ชั่วโมงหมดฤจทธิ์,4
าชากี่ชั่วโมงหมดฤทิ์,4
ยาชาี่ชั่วมงหมดฤทธิ์,4
ายชากี่ชั่วโมงมหดฤทธิ์,4
ยาาชกี่ชั่โวมงหมดฤทธิ์,4
มีการสั่นสะเทือนกี่ชั่วโมงตั้งแต่การเปิดตัวครั้งแรก,4
จำนวนชั่วโมงที่ Shakes หายไปคืออะไร,4
Shakes อยู่ในอากาศนานแค่ไหน,4
เรามีความสามารถในการสั่นสะเทือนมากี่ชั่วโมง,4
ระยะเวลาของการสั่นก่อนหมดอายุคืออะไร,4
ถือนฟันแล้วดูแลตัวฮเองอย่งางไร,4
ถอนฆฟันแล้วดูแลตัวเอองอย่ืางไร,4
ถอฟันแล้วดูแลตัวเงอย่าไร,4
ถนฟันแล้วดูแลตัวเงอย่างไ,4
ถนอฟันแล้วดูแลตัวเองยอ่งาไร,4
อถนฟันแล้วดูแลตัวเอองย่งาไร,4
การกำจัดฟันและเคล็ดลับการดูแลตนเอง,4
ขั้นตอนในการดึงฟันและรักษาสุขอนามัยในช่องปากที่ดีคืออะไร,4
วิธีรักษาสุขอนามัยในช่องปากและดำเนินการทางทันตกรรมรวมถึงการสกัดฟัน,4
เคล็ดลับสำหรับการแปรงและใช้ไหมขัดฟันเคล็ดลับสำหรับปากที่มีสุขภาพดี,4
ดูแลฟันของคุณและวิธีดึงฟันของคุณเอง,4
วิธีการปษฏิบัติตัวหลังำถอนฟัน,4
วิธีกณารปฏิบัติตัวหลัฤงถอนฟัน,4
วิธีการฏิบัติตัวหลัถอนฟัน,4
วิธีารปฏิบัติตัวหลังถนฟัน,4
วิธีกราปฏิบัติตัวหลังถอฟนัน,4
วิธีการฏปิบัติตัวหลัถงอนฟัน,4
สิ่งที่ควรทำหลังจากฟันถูกลบออก,4
หลังจากการสกัดฟันสิ่งที่ควรทำจากมุมมองหลังการสกัด,4
หลังจากสกัดฟันแล้วสิ่งที่ควรทำจากมุมมองหลังการสกัด,4
วิธีการกระทำหลังจากฟันจะถูกลบออก,4
แนวทางปฏิบัติที่เหมาะสมหลังจากการสกัดฟันคืออะไร,4
ข้อปฏิบัติภายลหลัิงการถอนฟันมีอปะไรบ้าง,4
ข้อปฏิบัติภะายหลังการษถอนฟันมีถอะไรบ้าง,4
ข้อปฏิบัติภยหลังกรถอนฟันมีะไรบ้าง,4
ข้อปฏิบัติายหลังกาถอนฟันมีอะไร้าง,4
ข้อปฏิบัติาภยหลังการถอฟนันมีอะรไบ้าง,4
ข้อปฏิบัติาภยหลังกาถรอนฟันมีะอไรบ้าง,4
เทคนิค afterlapping คืออะไร,4
คุณสามารถอธิบายแนวคิดของ Afterlipping ได้หรือไม่,4
afterlappings แตกต่างจากรูปแบบการเข้ารหัสอื่น ๆ อย่างไร,4
ใช้เทคนิค afterlapping ใดในเกมคอมพิวเตอร์,4
ความหมายของ Afterlipping คืออะไร,4
ข้อคขวรระวังหลังการถอบนฟัน,4
ข้อควรณระวังหลังฎการถอนฟัน,4
ข้อวรระวังหลังการถอนัน,4
ข้อควรรวังหลัการถอนฟัน,4
ข้คอวรระวังหลังกาถรอนฟัน,4
ข้คอวรระวังหลังการถอฟนัน,4
คำเตือน หลังจากเอาฟันออก,4
ขั้นตอนอย่างระมัดระวังหลังจากสกัดฟัน,4
แจ้งเตือนหลังจากการสกัดฟัน,4
การรับรู้หลังจากการสกัดฟัน,4
หลังจากการกำจัดฟันจงระมัดระวัง,4
หลังถอฬนฟันควรรูะวังอะฐไร,4
หลัจงถอนฟันควรฒระวังอละไร,4
หลังถอนันควระวังอะร,4
หลังถอฟันควระวังะไร,4
หลังถอฟนันวครระวัองะไร,4
หลัถงอนฟันควรระวัองะไร,4
มีอะไรให้จำไว้หลังจากแปรงทำความสะอาดและใช้ไหมขัดฟัน,4
ควรใช้ความระมัดระวังอะไรหลังจากฟันที่หายไป,4
ฟัน ควรคำนึงถึงอะไรหลังจากการรักษาของผู้ป่วย,4
เมื่อจัดการกับปัญหาทางทันตกรรมควรดำเนินการขั้นตอนใดบ้าง,4
หลังจากการสกัดฟันสิ่งที่ควรหลีกเลี่ยงและสิ่งที่ควรหลีกเลี่ยง,4
เวลวาในการฟื้นตัวหลังกาภรถอนฟัน,4
เวผลาในการฟื้นตัวหลังกาำรถอนฟัน,4
เวลานการฟื้นตัวหลังารถอนฟัน,4
เวลาในการื้นตัวหลังการถอนัน,4
เวาลในการฟื้นตัวหลังกราถอนฟัน,4
วเลาในการฟื้นตัวหลังกาถรอนฟัน,4
ใช้เวลาในการกู้คืนนานแค่ไหนหลังจากถอดฟันออก,4
เวลาสำหรับการรักษาหลังจากการสกัดฟัน,4
ระยะเวลาระหว่างการสกัดฟันและ regrowth คืออะไร,4
ระยะเวลาของการกู้คืนหลังจากถอดฟันออก,4
หลังจากการสกัดฟันต้องใช้เวลานานเท่าใดสำหรับการกู้คืน,4
หลังกานรถอนฟันต้องดูแลกแผลอย่างไาร,4
หลังการถอนฎฟันต้องดูแฌลแผลอย่าฬงไร,4
หลังการถอนันต้องดูแแผลอย่าไร,4
หลังกรถอนฟันต้องดูแลแผลย่างร,4
หลังการถนอฟันต้องดูแลแผลยอ่างรไ,4
หลังการถอฟนันต้องดูลแแผลอย่าไงร,4
วิธีรักษาแผลที่ได้รับการเยียวยา,4
ขั้นตอนการรักษาบาดแผลคืออะไร,4
เคล็ดลับสำหรับการดูแลแผลที่ติดเชื้อ,4
ความระมัดระวังหลังการผ่าตัดแผล,4
ขั้นตอนการจัดการแผลหลังการผ่าตัด,4
หลังการถอสนฟันควรหตลีกเลี่ฟยงการกินอฒะไร,4
หลังถการถอนฟัดนควรหลีกเลี่ยทงการกินอะะไร,4
หลัการถอนฟันควหลีกเลี่ยงารกินอไร,4
หลังารถอนฟันครหลีกเลี่ยงกรกินอไร,4
หลักงารถอนฟันควรลหีกเลี่งยการกิอนะไร,4
หลังการถนอฟันควหรลีกเลี่ยงกากริอนะไร,4
มีอะไรให้หลีกเลี่ยงหลังจากแปรงและใช้ไหมขัดฟัน,4
สิ่งใดที่ควรหลีกเลี่ยงหลังจากฟันที่หายไป,4
สิ่งที่ควรหลีกเลี่ยงหลังจากการสูญเสียฟันของคุณ,4
หลังจากการสูญเสียฟันที่เกิดขึ้นควรหลีกเลี่ยงอะไรและไม่ได้ทำ,4
สิ่งที่ควรหลีกเลี่ยงหลังจากแปรงฟันและทำความสะอาดฟัน,4
หลังการฃถอนฟันควรหฅลีกเลี่ยภงการดื่มอะไยร,4
หลังกาอรถอนฟัฒนควรหลีกเลี่ยงตการดื่มรอะไร,4
หลังกรถอนฟันวรหลีกเลี่ยการดื่มอไร,4
หลังการถนฟันควรหีกเลี่ยงกรดื่มอะร,4
หลังกราถอนฟันวครหลีกเลี่ยกงารดื่มะอไร,4
หลังการถอฟนัคนวรหลีกเลี่ยกงารดื่มอะรไ,4
มีอะไรให้หลีกเลี่ยงหลังจากถอดฟันออก,4
หลังจากการสกัดฟันสิ่งที่ควรทำเพื่อป้องกันงานทันตกรรมในอนาคต,4
สิ่งที่ต้องไม่ทำหลังจากดึงฟัน,4
สิ่งใดที่ควรหลีกเลี่ยงหลังจากมีการสกัดฟัน,4
สิ่งที่ควรทำไม่ต้องทำหลังจากการสกัดฟัน,4
ข้อควรรฃะวังหลังกุารถอนฟัน,4
ข้ฅอควรระวังหลังการถอนซฟัน,4
ข้อควระวังหลังการอนฟัน,4
ข้อวรระวังหลังกรถอนฟัน,4
ข้อควระรวังหลังการถอฟนัน,4
ข้คอวรระวังหลังกาถรอนฟัน,4
คำเตือน หลังจากเอาฟันออก,4
ขั้นตอนอย่างระมัดระวังหลังจากสกัดฟัน,4
แจ้งเตือนหลังจากการสกัดฟัน,4
การรับรู้หลังจากการสกัดฟัน,4
หลังจากการกำจัดฟันจงระมัดระวัง,4
หลังถอนถฟันกี่วันควรถกลับไปฐพบแพทย์,4
หลัหงถอนฟันกี่วัฅนควรกลับฦไปพบแพทย์,4
หลังถนฟันกี่วันควกลับไปพบแพย์,4
หลังอนฟันกี่วันครกลับไพบแพทย์,4
หลังถอฟนันกี่วันครวกลับไปบพแพทย์,4
หลังถนอฟันกี่วัคนวรกลับไพปบแพทย์,4
ควรรอให้พบแพทย์นานแค่ไหนหลังจากเอาฟันออกไป,4
หลังจากลบฟันแล้วควรรอนานแค่ไหนก่อนที่จะขอนัดพบแพทย์,4
ควรรอให้พบแพทย์กี่วันหลังจากถอดฟันออก,4
คุณควรไปหาหมอฟันเมื่อใดหลังจากถอดฟันออก,4
ระยะเวลารอคอยที่แนะนำหลังจากการสกัดฟันก่อนกลับไปหาหมอฟันเพื่อรังสีเอกซ์,4
หลังถอฆนฟันกัดผ้าก๊อรซแล้วแต่ยังมีเลือดซึมต้ภองทำยังไง,4
หลังถอนสฟันกัดผ้าก๊อฏซแล้วแต่ยังมีเลือดซึมต้ฬองทำยังไง,4
หลังถนฟันกัดผ้าก๊อซล้วแต่ยังมีเลือดซึมต้องทำังไง,4
หลัถอนฟันกัดผ้าก๊ซแล้วแต่ยังมีเลือดซึมต้อทำยังไง,4
หลัถงอนฟันกัดผ้าก๊อแซล้วแต่ยังมีเลือดซึมต้งอทำยังไง,4
หลัถงอนฟันกัดผ้าก๊ซอแล้วแต่ยังมีเลือดซึมต้องำทยังไง,4
ฟันถูกลบออกโดยการกัดและใช้ผ้ากอซ แต่เลือดไม่ได้ถอนออกควรทำอะไรต่อไป,4
หลังจากสกัดฟันสิ่งที่ควรทำถ้าเลือดอยู่ แต่ผ้ากอซบิต,4
เลือดยังคงมีอยู่หลังจากกัดผ้ากอซและสกัดฟันของฉันควรทำอย่างไร,4
แม้จะกัดและใส่ผ้ากอซ แต่ก็ยังมีเลือดอยู่หลังจากสกัดฟันควรทำอะไรต่อไป,4
ควรทำอย่างไรถ้าเลือดยังคงอยู่หลังจากกัดผ้ากอซและการสกัดฟัน,4
ขั้นตอนในกาารดูแคลแผลหลังการงถอนฟันมีอะขไรบ้าง,4
ขั้นตอนในการฤดูแลแผลหซลัูงการถอนฟันมีอะไรธบ้าง,4
ขั้นตอนในกรดูลแผลหลังารถอนฟันมีอะไร้าง,4
ขั้นตอนนการดูแลแผลหัการถอนฟันมีอะรบ้าง,4
ขั้นตอนนใการดูแลแลผหลักงารถอนฟันมีอะไบร้าง,4
ขั้นตอนในกราดูลแแผลหลังการถอฟนันมีะอไรบ้าง,4
หลังจากการสกัดวิธีที่เหมาะสมในการดูแลแผลคืออะไร,4
มาตรการที่แนะนำสำหรับการรักษาแผลที่ถูกลบออกคืออะไร,4
เราควรดูแลแผลที่ถูกลบออกได้อย่างไร,4
ฉันจะดูแลแผลนี้ได้อย่างไรหลังจากการสกัด,4
อะไรคือการดูแลที่เหมาะสมสำหรับการตัดหลังจากการลบ,4
ควรทำอหย่างไรธเพื่อป้องกันกุารติดเชื้อในฒแผล,4
ควรทำซอย่าืงไรเพื่อป้องกันการุติดเชื้อฑในแผล,4
ควทำอย่างไรเื่อป้องกันกาติดเชื้อใแผล,4
ควรทอย่าไรเพื่อป้องกันการิดเชื้ในแผล,4
ควรทอำย่างไรพเื่อป้องกันกาตริดเชื้อใแนผล,4
ควรทอำย่างไรพเื่อป้องกันากรติดเชื้อนใแผล,4
ฉันจะป้องกันไม่ให้แผลติดเชื้อได้อย่างไร,4
ฉันสามารถใช้มาตรการใดเพื่อหลีกเลี่ยงการอักเสบของแผล,4
มีวิธีที่จะป้องกันไม่ให้แผลติดเชื้อหรือไม่,4
ฉันควรทำตามขั้นตอนใดเพื่อป้องกันไม่ให้แผลติดเชื้อ,4
ฉันจะป้องกันการติดเชื้อในแผลได้อย่างไร,4
มีข้อควรระลวังหรือข้อมจำกัดในกัารดูแลรักษวาหลังกฦารถอนฟันไฆหม,4
มีข้อลควรระวังหรือข้ฃอจำกัดใษนการดูแลรัวกษาหลังการถอนนฟันไหงม,4
มีข้อควรระังหรือข้อจกัดในการูแลรักษาลังารถอนฟันไห,4
มีข้อควระวังหรือข้อจกัดในการูแลรักษาลังการถอฟันไห,4
มีข้อควรรวะังหรือข้อำจกัดใกนารดูแลรักษหาลังากรถอนฟันไมห,4
มีข้อควระรวังหรือข้จอำกัดในากรดูแลรักษาลหังกาถรอนฟันไมห,4
มีแนวทางหรือโปรโตคอลสำหรับการดูแลฟันที่สกัดหรือไม่,4
ทันตแพทย์มีแนวทางหรือโปรโตคอลที่จะปฏิบัติตามเมื่อดูแลฟันที่สกัดหรือไม่,4
การดูแลฟันหลังจากการสกัดมีขั้นตอนเพิ่มเติมหรือไม่,4
มีวิธีป้องกันหรือจัดการงานทันตกรรมที่เกิดจากการสกัดหรือไม่,4
มีตัวเลือกอะไรบ้างในการดูแลหลังจากการสกัดฟันมีข้อ จำกัด กี่ครั้งที่คุณสามารถดูแลฟันของคุณได้หรือไม่,4
วิธีทำคฑวามสะอาดช่ฌองปากที่เหมฬาะสมหลังขถอนฟัน,4
วิธีทำความสะอาฮดช่องปาคกที่เหมาะสปมหลังถซอนฟัน,4
วิธีทำความะอาดช่องปาที่เหมาะสมหังถนฟัน,4
วิธีทำความสะอาช่อปากที่เหาะสมหลัถอนฟัน,4
วิธีทำคาวมสะอาดช่องาปกที่เหมาะสมลหัถงอนฟัน,4
วิธีทำควมาสะอาดช่องปาทกี่เหมาะสมลหัถงอนฟัน,4
เทคนิคที่ถูกต้องสำหรับการทำความสะอาดปากหลังจากการสกัดฟัน,4
เทคนิคที่ถูกต้องสำหรับการทำความสะอาดปากหลังจากการสกัดฟันคืออะไร,4
หลังจากการสกัดฟันวิธีที่ถูกต้องในการทำความสะอาดปากคืออะไร,4
วิธีทำความสะอาดปากอย่างเหมาะสมหลังจากถอดฟันออก,4
หลังจากการสกัดฟันเราควรทำความสะอาดปากอย่างไร,4
ถอนฑฟันอันตรฬายไหม,4
ถอนฎฟันอันตผรายไหม,4
ถอฟันอันตายไหม,4
อนฟันอันตรายหม,4
อถนฟันอันตราไยหม,4
อถนฟันอัตนรายไหม,4
มีความเสี่ยงที่จะสกัดฟันหรือไม่,4
การสกัดฟันอาจเป็นอันตรายได้หรือไม่,4
การสกัดฟันอันยิ่งใหญ่นำไปสู่อันตราย,4
การกำจัดฟันเป็นขั้นตอนที่มีความเสี่ยงได้หรือไม่,4
การสกัดฟันเป็นผลที่ไม่ดีต่อสุขภาพหรือไม่,4
ข้อควรระกวังหลังถุอนฟันมีอูะไรบ้าง,5
ข้อควรจระวังหลังนถอนฟันมีอะลไรบ้าง,5
ข้อควระวังหลังถอฟันมีอะไร้าง,5
ข้ควรระวังหลังถนฟันมีะไรบ้าง,5
ข้อควรรวะังหลังถอฟนันมีะอไรบ้าง,5
ข้อควระรวังหลังถนอฟันมีอไะรบ้าง,5
ขั้นตอนในการติดตามหลังจากการสกัดฟันคืออะไร,5
หลังจากการสกัดฟันขั้นตอนที่จำเป็นต้องทำคืออะไร,5
ควรดำเนินการขั้นตอนใดหลังจากการสกัดฟันเพื่อป้องกันความเสียหายเพิ่มเติม,5
หลังจากการสกัดฟันขั้นตอนที่จำเป็นต้องทำคืออะไร,5
เราควรดำเนินการต่อหลังจากถอดฟันอย่างไร,5
หลังถอนนฟันสามารกถกินของแฮข็งได้ไหม,5
หลังถฬอนฟันฐสามารถกินของแณข็งได้ไหม,5
หลังอนฟันามารถกินของข็งได้ไหม,5
หลัถอนฟันสมารถกินของแ็งได้ไหม,5
หลังอถนฟันสามาถรกินของขแ็งได้ไหม,5
หลังถนอฟัสนามารถกิขนองแข็งได้ไหม,5
เมื่อฟันพร้อมที่จะกินเป็นไปได้หรือไม่ที่จะบริโภคอาหารของเหลวและอาหารแข็ง,5
หลังจากกินกับฟันเป็นไปได้ไหมที่จะกินโดยไม่มีอาหาร,5
หากฟันไม่เคี้ยวคุณยังสามารถกินอาหารแข็งได้หรือไม่,5
เป็นไปได้ไหมที่จะกินอาหารจากฟันของคุณหลังจากกระบวนการสกัด,5
กินได้ไหมโดยไม่ทำลายหลังจากฟันเข้าที่,5
ข้อห้ามหำลังชการถอนฟัน,5
ข้อห้ิามหลังการผถอนฟัน,5
ข้อห้ามลังารถอนฟัน,5
ข้อห้ามหังการถอฟัน,5
ข้อห้มาหลังกราถอนฟัน,5
ข้อห้าหมลังกาถรอนฟัน,5
การเลือกปฏิบัติหลังจากรากฟันเทียม,5
ปฏิกิริยาการกำจัดหลังช่องปาก,5
สัญญาณเป็นเวลานานหลังจากการสกัดฟัน,5
อาการที่เกิดขึ้นหลังจากขั้นตอนทางทันตกรรมเช่นการสกัดฟัน,5
ข้อบ่งชี้หลังจากการกำจัดฟัน,5
หลังคถอนฟันต้องกินน้ำเย็นหรือน้ำร้อน,5
หลังถอฌนฟันต้องกินน้ำเย็นหรือน้ำร้อน,5
หลังถอฟันต้องกินน้ำเย็นหรือน้ำร้อน,5
หลังถอฟันต้องกินน้ำเย็นหรือน้ำร้อน,5
หลังถนอฟันต้องกินน้ำเย็นหรือน้ำร้อน,5
หลังอถนฟันต้องกินน้ำเย็นหรือน้ำร้อน,5
เมื่อออกจากการบริโภคน้ำเย็นหรือน้ำร้อนหลังจากถูกขับออกมา,5
เมื่อคุณถอนตัวกินอาหารด้วยน้ำเย็นหรือน้ำร้อน,5
หลังจากการสกัดมันเป็นไปได้ที่จะบริโภคน้ำที่มีอุณหภูมิต่ำหรือน้ำอุ่น,5
หลังจากระบายออกร่างกายสามารถย่อยในน้ำเย็นหรือน้ำร้อน,5
เมื่อร่างกายมีความชุ่มชื้นมันก็เหมาะสมที่จะบริโภคน้ำเย็นหรือน้ำร้อนหลังจากถูกขับออก,5
หลังถอนฒฟันทานึอะไรได้เมื่อตไหร่,5
หลังถถอนฟันทานผอะไรได้เมื่อไหถร่,5
หลังอนฟันทานอะไรด้เมื่อหร่,5
หลัถอนฟันทานอไรได้เมื่อไห่,5
หลัถงอนฟัทนานอะไรได้เมื่ไอหร่,5
หลังถนอฟันทานอะไรดไ้เมื่ไอหร่,5
เมื่อใดที่ Fanthan ได้รับอนุญาตให้นำออกมา,5
กรอบเวลาสำหรับการลบ Fanthan ถือไว้คืออะไร,5
ใช้เวลานานแค่ไหนในการถอน Fanthan,5
Fanthan สามารถถอนตัวได้อย่างไร,5
คุณจะพา Fanthan ออกไปได้เมื่อไหร่,5
ถะอนฟันสามารถฎกินอะไรไาด้บ้าง,5
ฆถอนฟันสนามารถกินอะไรไชด้บ้าง,5
ถนฟัสามารถกินะไรได้บ้าง,5
ถนฟันสามาถกินะไรได้บ้าง,5
อถนฟันสาามรถกินอะไรดไ้บ้าง,5
ถอฟนันาสมารถกินอะไรดไ้บ้าง,5
หลังจากการสกัดฟันแล้วอาหารที่สามารถบริโภคเป็นอาหารคืออะไร,5
อาหารที่สามารถบริโภคได้หลังจากการสกัดฟันคืออะไร,5
หากคุณเอาฟันออกอาหารที่สามารถรับประทานได้ในระหว่างการสกัดฟันคืออะไร,5
เมื่อฟันถูกลบออกอาหารที่เหมาะสมคืออะไร,5
การกินอาหารในขณะที่ฟันของคุณถูกลบออกยังคงเป็นประโยชน์หรือไม่,5
อฑาหารที่ฟควรหลีกเลี่งยงเมื่อืถอนฟัน,5
อารหารที่ควณรหลีกเลี่ยงเกมื่อุถอนฟัน,5
อาหาที่ควรลีกเลี่ยเมื่อถอนัน,5
าหารที่ควรหีกเลี่ยงเื่อถนฟัน,5
าอหารที่ควรลหีกเลี่ยงมเื่อถนอฟัน,5
อาาหรที่วครหลีกเลี่งยเมื่ออถนฟัน,5
การกินอาหารที่ไม่แนะนำในระหว่างกระบวนการสกัด,5
การสกัดอาหารที่ควรหลีกเลี่ยง,5
อาหารที่ควรหลีกเลี่ยงในระหว่างกระบวนการสกัด,5
สารสกัดที่ไม่ควรบริโภคในขณะที่เคี้ยว,5
อาหารที่ถอดออกได้ในระหว่างกระบวนการสกัด,5
ทำไมถวอนฟันแล้วไม่ควรขกินอาฤหารร้สอนหรือเผ็ด,5
ทำไมถอซนฟันแล้วไม่ควรฌกินือาหารร้ฉอนหรือเผ็ด,5
ทไมถอนฟันแล้วไม่ควกินอหารร้นหรือเผ็ด,5
ทำไมถอฟันแล้วไม่ควกินอาหรร้อนหือเผ็ด,5
ทำไมถอฟนันแล้วไม่วครกิอนาหารร้นอหรือเผ็ด,5
ทำไถมอนฟันแล้วไม่ครวกินอหาารร้อหนรือเผ็ด,5
ด้วยเหตุผลใดที่ฟันถูกลบออกและไม่บริโภคอาหารร้อนหรือเผ็ด,5
อะไรคือสาเหตุของการกำจัดฟันและไม่กินอาหารรสเผ็ด,5
เหตุผลในการสกัดฟันคือการหลีกเลี่ยงอาหารรสเผ็ดและอาหารร้อน,5
ทำไมผู้คนต้องเอาฟันออกและไม่ควรกินอาหารรสเผ็ดหรือการเคี้ยวหมากฝรั่ง,5
สิ่งที่ทำให้เกิดการกำจัดฟันและไม่ควรกินและไม่ควรใช้อาหารรสเผ็ด,5
ข้อควรขพึงระฦวังหลังจฉากถอนฟัน,5
ข้อควรฌพึงระศวังหลังจีากถอนฟัน,5
ข้ควรพึงรวังหลังจากถนฟัน,5
ข้ควรพึงะวังหลังากถอนฟัน,5
ข้อควพรึงรวะังหลังจากถนอฟัน,5
ข้อควพรึรงะวังหลังาจกถอนฟัน,5
ใช้ความระมัดระวังหลังจากนำฟันออกไป,5
เป็นสิ่งสำคัญที่จะต้องใช้ความระมัดระวังหลังจากการสกัดฟัน,5
หลังจากการสกัดฟันจงระมัดระวัง,5
ควรใช้ความระมัดระวังหลังจากการสกัดฟัน,5
ระวังสภาพแวดล้อมของคุณหลังจากขั้นตอนทางทันตกรรม,5
ถอนคฟันมาฬแล้วสามาพรถดื่มแอูลกอฮอล์ได้มั้ย,5
ถอนืฟันมาแษล้วสามษารถดื่มแอลลกอฮอล์ได้มั้ย,5
ถอนันมาล้วสามรถดื่มแอลอฮอล์ได้มั้ย,5
ถอฟันมาแ้วสามารถื่มแอกอฮอล์ได้มั้ย,5
ถนอฟันมแาล้วสามารดถื่มแอกลอฮอล์ได้มั้ย,5
อถนฟัมนาแล้วสามาถรดื่แมอลกอฮอล์ได้มั้ย,5
เป็นไปได้ไหมที่จะกำจัดฟันและดื่มแอลกอฮอล์,5
ฟันสามารถสกัดได้และการดื่มแอลกอฮอล์สามารถนำไปสู่การกำจัดฟันได้หรือไม่,5
ฟันจะถูกลบออกและการดื่มแอลกอฮอล์สามารถนำไปสู่การกำจัดฟันได้หรือไม่,5
คุณสามารถตัดฟันและดื่มแอลกอฮอล์ได้หรือไม่,5
เป็นไปได้ไหมที่จะสกัดฟันของคุณและดื่มแอลกอฮอล์,5
ผ่าก๊อซต้ญองเปลี่ยนทุกๆกี่ชั่ผวโมง,5
ผ่าก๊อซต้ฤองเปลี่ยนทุกๆกี่ชั่วโมดง,5
ผ่าก๊อซต้องเลี่ยนทุกๆกี่ชั่วโง,5
ผ่าก๊อซต้องปลี่ยนทุกๆกี่ชั่วมง,5
ผ่าก๊อซต้งอเปลี่ยนทุกๆกี่ชั่วมโง,5
ผ่าก๊อซต้องเลปี่ยนทุกๆกี่ชั่โวมง,5
มาตรวัดจะต้องปรับทุกชั่วโมง,5
ทุกชั่วโมงจะต้องปรับมาตรวัดโดยการตัด,5
เปลี่ยนมาตรวัดทุกชั่วโมงเพื่อตัด,5
การปรับมาตรวัดเป็นสิ่งจำเป็นทุกชั่วโมง,5
มาตรวัดจะต้องมีการปรับทุกชั่วโมง,5
ถอฐนฟันแล้วกี่วันถึฉงจะกินของเทผ็ดได้,5
ืถอนฟันแล้วกี่วันถึงจะฟกินขอฦงเผ็ดได้,5
ถอนันแล้วกี่วันถึงจกินขงเผ็ดได้,5
ถนฟันแล้วกี่วันถึงะกินขอเผ็ดได้,5
ถอฟนันแล้วกี่วันถึงจกะินของผเ็ดได้,5
ถอฟนันแล้วกี่วันถึงจกะิขนองเผ็ดได้,5
ใช้เวลานานแค่ไหนในการกำจัดฟันสำหรับอาหารรสเผ็ดหลังรับประทานอาหาร,5
ต้องใช้เวลากี่วันในการกำจัดฟันสำหรับอาหารรสเผ็ด,5
ฟันสามารถสกัดได้กี่วันหากเราได้รับอนุญาตให้กินอาหารรสเผ็ด,5
ระยะเวลาที่จำเป็นสำหรับการสกัดฟันเพื่อให้กินอาหารรสเผ็ดหลังจากรับประทานอาหารปกติคืออะไร,5
กรอบเวลาที่จำเป็นสำหรับการสกัดฟันคืออะไรเพื่อให้การบริโภคอาหารเผ็ดคืออะไร,5
หลัฐงถอนฟันมีอาหารอะไรนที่ควรฎหลีกเลี่ยง,5
หลังถอนูฟันมีดอาหารอะไรที่ควรทหลีกเลี่ยง,5
หลังอนฟันมีาหารอะไรที่ควหลีกเลี่ยง,5
หลังถอฟันมีอาหารอะไที่ครหลีกเลี่ยง,5
หลัถงอนฟันมีอหาารอะไรที่ควหรลีกเลี่ยง,5
หลังถอฟนันมีอหาารอะไรที่ควรลหีกเลี่ยง,5
อาหารที่ควรหลีกเลี่ยงหลังจากการสกัดฟันคืออะไร,5
ควรหลีกเลี่ยงอาหารชนิดใดหลังจากการสกัดฟัน,5
เมื่อฟันถูกลบออกอาหารเพื่อสุขภาพน้อยที่สุดคืออะไร,5
หลังจากการสกัดฟันอาหารที่แนะนำให้หลีกเลี่ยงคืออะไร,5
หลังจากการกำจัดฟันควรหลีกเลี่ยงอาหารชนิดใดและไม่บริโภค,5
หลัฝงถอนฟันสาญมารถกิชนของแข็งได้ไหม,5
หลังถอนิฟันสามารถผกินฒของแข็งได้ไหม,5
หลัถอนฟันสามารกินขงแข็งได้ไหม,5
หลังถอฟันสามารถิของแข็งได้ไหม,5
หลังถอฟนันสามารกถินขอแงข็งได้ไหม,5
หลังถนอฟัสนามารถกิขนองแข็งได้ไหม,5
เมื่อฟันพร้อมที่จะกินเป็นไปได้หรือไม่ที่จะบริโภคอาหารของเหลวและอาหารแข็ง,5
หลังจากกินกับฟันเป็นไปได้ไหมที่จะกินโดยไม่มีอาหาร,5
หากฟันไม่เคี้ยวคุณยังสามารถกินอาหารแข็งได้หรือไม่,5
เป็นไปได้ไหมที่จะกินอาหารจากฟันของคุณหลังจากกระบวนการสกัด,5
กินได้ไหมโดยไม่ทำลายหลังจากฟันเข้าที่,5
ถอฦนฟันแล้วกินน้ำร้อนไฆด้ไหม,5
ถอษนฟันแล้วกินน้ำร้ญอนได้ไหม,5
ถอฟันแล้วกินน้ำร้อได้ไหม,5
อนฟันแล้วกินน้ำร้อนไ้ไหม,5
ถอฟนันแล้วกินน้ำร้นอได้ไหม,5
อถนฟันแล้วกินน้ำร้อนดไ้ไหม,5
เป็นไปได้ไหมที่จะกำจัดฟันและกินน้ำร้อน,5
คุณสามารถสกัดฟันและกินน้ำร้อนได้หรือไม่,5
คุณสามารถสกัดฟันและกินน้ำร้อนได้หรือไม่,5
มันจะปลอดภัยและมีสุขภาพดีไหมที่จะเคี้ยวน้ำร้อนหลังจากเอาฟันออก,5
เป็นไปได้ไหมที่คุณจะสกัดฟันของคุณและบริโภคน้ำร้อน,5
หลังถภอนฟันดื่มผแอลกอฮอล์ได้มั้ย,5
หลังาถอนฟันดื่มแอฃลกอฮอล์ได้มั้ย,5
หลังถอฟันดื่มแลกอฮอล์ได้มั้ย,5
หลังถอฟันดื่มแอลอฮอล์ได้มั้ย,5
หลัถงอนฟันดื่มแอลกอฮลอ์ได้มั้ย,5
หลังถอฟนันดื่มแอลอกฮอล์ได้มั้ย,5
อนุญาตให้ฉันดื่มแอลกอฮอล์ได้โดยดื่มจากปากของฉันหรือไม่,5
จะไม่เป็นไรไหมที่ฉันจะดื่มแอลกอฮอล์จากปากของฉัน,5
ฉันสามารถดื่มแอลกอฮอล์โดยดื่มจากปากของฉันได้หรือไม่,5
ฉันได้รับอนุญาตให้ดื่มแอลกอฮอล์โดยใช้ฟันหรือไม่,5
การดื่มแอลกอฮอล์ในขณะที่ดื่มจากฟันของฉันเองปลอดภัยหรือไม่,5
กี่วันถึงคจะกิกนของเผ็ดได้,5
กี่วันถึธงจะกินขัองเผ็ดได้,5
กี่วันถึงจกินของเ็ดได้,5
กี่วันถึงจกินของผ็ดได้,5
กี่วันถึจงะกินขงอเผ็ดได้,5
กี่วันถึงจกะิขนองเผ็ดได้,5
ควรละเว้นจากการกินอาหารรสเผ็ดนานแค่ไหน,5
ควรใช้อาหารรสเผ็ดก่อนที่มันจะไม่อร่อยเท่าไหร่,5
ควรละเว้นจากการกินอาหารรสเผ็ดมานานแค่ไหน,5
ควรใช้อาหารรสเผ็ดภายในระยะเวลาใด,5
ปลอดภัยกี่วันที่จะกินอาหารรสเผ็ด,5
ฟถอนฟันแล้วฃจะกินข้าวธไม่ได้กี่วัน,5
ลถอนฟันแล้วจตะกินข้สาวไม่ได้กี่วัน,5
ถอนันแล้จะกินข้าวไ่ได้กี่วัน,5
ถอนันแล้วจกินข้าไม่ได้กี่วัน,5
ถอฟนันแล้จวะกินข้าวมไ่ได้กี่วัน,5
อถนฟันแล้จวะกินข้วาไม่ได้กี่วัน,5
การสลายฟันใช้เวลานานแค่ไหนและไม่สามารถกินได้,5
ในกี่วันถ้าคุณกินไม่ได้ฟันจะสิ้นสุดลง,5
ระยะเวลาที่ฟันต้องหายไปและไม่สามารถกินได้,5
ถ้าฟันไม่กินหลังจากกี่วัน,5
นานแค่ไหนถ้าคุณกินไม่ได้ให้จบฟัน,5
หลังถอีนฟันควรหกลีกเลี่ยงออาหารหรือเคฌรื่องดื่มอนะไรบ้าง,5
หลังผถอนฟันุควรหลีกเลี่ตยงอาหารหรือเคกรื่องดื่มอะไฃรบ้าง,5
หลังอนฟันควรหีกเลี่ยงอาหารรือเรื่องดื่มอไรบ้าง,5
หลังถอฟัควรหลีกเลี่ยอาหารหรือเคื่องดื่มอะไร้าง,5
หลัถงอนฟันควรลหีกเลี่ยงอาหารรหือเรคื่องดื่มะอไรบ้าง,5
หลังอถนฟันวครหลีกเลี่งยอาหารหรือคเรื่องดื่มอไะรบ้าง,5
อาหารที่ควรหลีกเลี่ยงหลังจากมีการผ่าตัดคืออะไร,5
หลังจากมีการผ่าตัดอาหารที่ควรหลีกเลี่ยงคืออะไร,5
ควรหลีกเลี่ยงอาหารชนิดใดหลังจากดำเนินการ,5
หลังจากการผ่าตัดควรหลีกเลี่ยงอาหารชนิดใดและไม่บริโภค,5
มีตัวอย่างอาหารอะไรบ้างที่ควรหลีกเลี่ยงหลังจากมีการผ่าตัด,5
ถญอนฟันแล้วสูบบุหรี่ได้ไหม,5
ถซอนฟันแล้วสูบบุหรี่ได้ไหม,5
ถอฟันแล้วสูบบุหรี่ได้ไหม,5
ถอฟันแล้วสูบบุหรี่ได้ไหม,5
อถนฟันแล้วสูบบุหรี่ได้ไหม,5
อถนฟันแล้วสูบบุหรี่ได้ไหม,5
คุณสามารถสูบบุหรี่และแปรงฟันโดยไม่ต้องถอดออกได้หรือไม่,5
เป็นไปได้ไหมที่จะลบฟันขณะสูบบุหรี่,5
การสูบบุหรี่และการแปรงฟันจะนำไปสู่การกำจัดฟันได้หรือไม่,5
มันจะได้รับการพิจารณาว่าเป็นขั้นตอนทางทันตกรรมและถ้าคุณสูบบุหรี่คุณสามารถสกัดฟันของคุณได้หรือไม่,5
คุณสูบบุหรี่และตัดฟันหรือไม่,5
รถอนฟันแล้วมีข้อห้ยามอะไรบ้าง,5
ถอฮนฟันแล้วมีข้อห้าฯมอะไรบ้าง,5
ถนฟันแล้วมีข้อห้ามอะไบ้าง,5
อนฟันแล้วมีข้อห้มอะไรบ้าง,5
ถอฟนันแล้วมีข้อห้ามอไะรบ้าง,5
ถอฟนันแล้วมีข้อห้ามะอไรบ้าง,5
การกำจัดฟันและพื้นที่ทางกฎหมายสำหรับมันถูกกล่าวถึง,5
การสกัดฟันทำงานอย่างไรและข้อ จำกัด คืออะไร,5
กฎระเบียบโดยรอบการสกัดฟันคืออะไรและข้อ จำกัด ของพวกเขาคืออะไร,5
สิ่งที่ถือว่าเป็นขั้นตอนทางทันตกรรมและต้องปฏิบัติตามกฎหมายอะไรบ้าง,5
ถูกกฎหมายหรือไม่ที่จะสกัดฟันหรือมีขั้นตอนเฉพาะที่ต้องปฏิบัติตาม,5
หลังถปอนฟันสามารจถออกกำลังกายไฦด้ไหม,5
หลัชงถอนฟันสามารถอคอกกำลังกายไวด้ไหม,5
หลัถอนฟันสามรถออกกำลังกาได้ไหม,5
หลังอนฟันสามาถออกกำลังกายไ้ไหม,5
หลังถนอฟันาสมารถออกกำลังากยได้ไหม,5
หลัถงอนฟันาสมารถออกกำลังากยได้ไหม,5
เป็นไปได้ไหมที่จะออกกำลังกายหลังจากดำเนินการสกัด,5
หลังจากการสกัดของฉันฉันสามารถมีส่วนร่วมในการออกกำลังกายอีกครั้งได้หรือไม่,5
ฉันสามารถมีส่วนร่วมในการออกกำลังกายหลังจากการสกัดได้หรือไม่,5
หลังจากใช้สารสกัดฉันได้รับอนุญาตให้ออกกำลังกายหรือไม่,5
การออกกำลังกายหลังจากรับสารสกัดจะเป็นประโยชน์ต่อสุขภาพและความเป็นอยู่ที่ดีของฉันหรือไม่,5
หลังถอษนฟันสฦามารถแปรงฟันปตกติได้ไหม,5
หลังถอฆนฟันสามารถูแปรงฟันฉปกติได้ไหม,5
หลังถนฟันสามารถแปรงันกติได้ไหม,5
หลังถนฟันสามารถปรงฟันกติได้ไหม,5
หลังอถนฟันสามารถปแรงฟัปนกติได้ไหม,5
หลัถงอนฟันสามารถปแรงฟัปนกติได้ไหม,5
เป็นไปได้ไหมที่ฉันจะยืดฟันให้ตรง,5
ฉันสามารถกู้คืนฟันสู่สภาพธรรมชาติของพวกเขาได้หรือไม่,5
ฟันของฉันจะกลับสู่สภาพธรรมชาติของพวกเขาหรือไม่,5
มันเป็นไปได้ไหมที่ฉันจะให้ฟันของฉันตรง,5
ฉันสามารถกู้คืนฟันไปยังตำแหน่งเดิมได้หรือไม่,5
ถ้ามีอาการปวดมญากกว่าปบกติครวรกลัลบไปหาทันตแฅพทย์หรือไม่,5
ถ้ามีอาการปวดมาฬกกว่ราปกติครวรกลับำไปหาทัทนตแพทย์หรือไม่,5
ถ้ามีอาการวดมากกว่าปกิควรกับไปหทันตแพท์หรือไม่,5
ถ้ามีอาารปวดมากกว่ากติควรลับไปหาันตแพท์หรือไม่,5
ถ้ามีอาการปวดมากกว่ปากติควรลกับไปหทาันตแพยท์หรือไม่,5
ถ้ามีาอการปวดมากกว่าปตกิควกรลัไบปหาทัตนแพทย์หรือไม่,5
คุณควรพิจารณากลับไปหาหมอฟันหากคุณประสบความเจ็บปวดมากกว่าปกติหรือไม่,5
มันจะเป็นประโยชน์หรือไม่ที่จะไปพบทันตแพทย์อีกครั้งถ้าคุณมีอาการปวดรุนแรงกว่าปกติหรือไม่,5
หากความเจ็บปวดรุนแรงกว่าปกติขอแนะนำให้ไปพบแพทย์อีกครั้งหรือไม่,5
ในกรณีที่มีอาการปวดเพิ่มขึ้นเหนือระดับปกติขอแนะนำให้แสวงหาความสนใจทางทันตกรรมเพิ่มเติมหรือไม่,5
ขอแนะนำให้รับการรักษาทางทันตกรรมอีกครั้งหรือไม่หากความรู้สึกไม่สบายเกินช่วงปกติ,5
ะสามารถใช้น้ดำยาบ้วทนปากได้ไหม,5
สาบมารถใช้น้ำหยาบ้ฅวนปากได้ไหม,5
สมารถใช้น้ำาบ้วนปกได้ไหม,5
ามารถใช้น้ยาบ้วนปกได้ไหม,5
สามราถใช้น้ยำาบ้วนปากดไ้ไหม,5
สามารถชใ้น้ำยบา้วนาปกได้ไหม,5
อนุญาตให้ใช้น้ำยาบ้วนปากหรือไม่,5
น้ำยาบ้วนปากสามารถใช้ได้หรือไม่,5
จะใช้น้ำยาบ้วนปากได้ไหม,5
มีความเสี่ยงใด ๆ ที่เกี่ยวข้องกับการใช้น้ำยาบ้วนปากหรือไม่,5
อาจใช้น้ำยาบ้วนปากเพื่อทำความสะอาดปากของพวกเขา,5
ถ้าปวกดสามารถกดยาพาราได้ไหม,5
ถ้าปวดสามารถกดยาพัาราได้ไหม,5
ถ้าปวดสามารถกดาพาราได้ไหม,5
ถ้าปวดสามารถกดยาาราได้ไหม,5
ถ้าปวดสามารถกดยพาาราได้ไหม,5
ถ้าปวดสามารกถดยาพาราได้ไหม,5
ยาเสพติดจะไม่ได้ผลเมื่อความเจ็บปวดทนไม่ได้,5
หากความเจ็บปวดสามารถกระตุ้นได้ยาจะไม่ได้ผล,5
เมื่อความเจ็บปวดสามารถกระตุ้นยาได้,5
การใช้ยาขึ้นอยู่กับความรุนแรงของความเจ็บปวด,5
ในกรณีที่ความเจ็บปวดสามารถกระตุ้นยาได้โปรดทราบถึงศักยภาพของมัน,5
ต้องกินอาหูารอ่อนกี่วัน,5
ต้องกินอจาหารอ่อนกี่วัน,5
ต้องกินอาารอ่อนกี่วัน,5
ต้องกินอาหาร่อนกี่วัน,5
ต้องกิอนาหารอ่อนกี่วัน,5
ต้องกินาอหารอ่อนกี่วัน,5
คุณต้องกินนานแค่ไหน,5
ระยะเวลาของการ จำกัด การกินของคุณคืออะไร,5
คุณต้องทานอาหารนานแค่ไหน,5
ต้องใช้เวลากี่วันก่อนที่จะทานอาหาร,5
เวลาที่คุณสามารถทานได้คืออะไรเมื่อคุณสามารถทานอาหารได้,5
หลังถอนหฝันควภรเลี่ยงทานอาหารอฯะไรไหม,5
หลังฉถอนฝันควรภเลี่ยงทานอาหารือะไรไหม,5
หลังอนฝันควรเี่ยงานอาหารอะไรไหม,5
หลังถนฝันควรลี่ยงทานอาหารอะไรหม,5
หลังอถนฝันครวเลี่ยงทานอาหาอระไรไหม,5
หลัถงอนฝันควรลเี่ยงทานอหาารอะไรไหม,5
ขอแนะนำให้หลีกเลี่ยงการกินอะไรหลังจากแปรงฟัน,5
แนะนำให้หลีกเลี่ยงการกินอะไรหลังจากทานอาหารเนื่องจากสภาพฟันของคุณหรือไม่,5
หลังจาก molarization ไม่แนะนำให้กินหลังมื้ออาหาร,5
หากคุณมีสุขอนามัยทันตกรรมที่ไม่ดีควรหลีกเลี่ยงการกินอะไรหลังจากแปรงฟัน,5
คุณควรละเว้นจากการกินหลังจากฟันของคุณได้รับการแก้ไขหรือไม่,5
มีข้ฌอควรระวังใฎนการกินแลภะดื่มหลังถอภนฟันมั้ย,5
มีข้อควรประวังในการงกินแลฬะดื่มหลังถอรนฟันมั้ย,5
มีข้อควรระังในกากินแลดื่มหลังถอนันมั้ย,5
มีข้อควระวังในการินแะดื่มหลังถอฟันมั้ย,5
มีข้อครวระวัใงนการกิแนละดื่มหลังถอฟนันมั้ย,5
มีข้อควระรวัใงนการกินแลดะื่มหลังถอฟนันมั้ย,5
ขอแนะนำให้ต้องระมัดระวังเมื่อกินและดื่มหลังจากเอาฟันออก,5
มีข้อควรพิจารณาเมื่อกินและดื่มหลังจากสูญเสียฟันหรือไม่,5
ควรระมัดระวังเมื่อกินและดื่มหลังจากการสกัดฟันหรือไม่,5
หลังจากการสกัดฟันขอแนะนำให้ระมัดระวังเมื่อรับประทานอาหารและดื่มหรือไม่,5
หลังจากการกำจัดฟันการออกกำลังกายหนึ่งควรระมัดระวังเมื่อบริโภคหรือดื่ม,5
สูามารถบ้วนน้ำได้ไหม,5
สามาครถบ้วนน้ำได้ไหม,5
สามารบ้วนน้ำได้ไหม,5
สามารบ้วนน้ำได้ไหม,5
าสมารถบ้วนน้ำได้ไหม,5
าสมารถบ้วนน้ำได้ไหม,5
จะโอเคไหมที่จะคายน้ำ,5
อนุญาตให้คุณเซ่อน้ำได้หรือไม่,5
คุณสามารถปล่อยน้ำผ่านปากของคุณได้หรือไม่,5
คุณมีสิทธิ์ที่จะฉีดน้ำหรือไม่,5
คุณสามารถบริโภคน้ำที่หกได้หรือไม่,5
การถฐอนฟันต้องฉีดยาชิาไหม,5
การำถอนฟันต้องฉีดฃยาชาไหม,5
การถอนันต้องฉีดยาาไหม,5
การถอนันต้องฉียาชาไหม,5
การอถนฟันต้องฉีดยาชาหไม,5
กราถอนฟันต้องฉีดายชาไหม,5
จำเป็นต้องแปรงฟันหรือไม่,5
ควรแก้ไขฟันหรือไม่,5
คุณต้องดำเนินการเพื่อป้องกันฟันผุหรือไม่,5
ฟันผุเป็นข้อกำหนดในการรักษาสุขอนามัยทันตกรรมที่ดีหรือไม่,5
คุณต้องการยืดฟันหรือไม่,5
ก่อนถอนยฟันต้ธองทำอย่างลไรบ้าง,6
ก่อนรถอนฟันต้องทรำอย่างกไรบ้าง,6
ก่อนถนฟันต้องำอย่างไร้าง,6
ก่นถอนฟันต้งทำอย่งไรบ้าง,6
ก่อนถอฟนันต้องทำยอ่าไงรบ้าง,6
ก่นอถอนฟันต้องทำยอ่งาไรบ้าง,6
ฉันควรทำอะไรก่อนที่จะพยายามสกัดฟันของฉัน,6
ฉันต้องการกำจัดฟันของฉันฉันควรทำอย่างไรก่อน,6
ฉันควรเตรียมตัวอย่างไรก่อนการสกัดฟัน,6
ก่อนการสกัดฟันฉันควรทำอย่างไร,6
ฉันควรทำตามขั้นตอนใดก่อนแปรงและศัลยกรรมความงาม,6
กงารเตรียมตัวก่อนนถอนฟันมีอะไรจบ้าง,6
การเฟตรียมตัวก่อนถอคนฟันมีอะไรฆบ้าง,6
การตรียมตัวก่อนอนฟันมีอไรบ้าง,6
การเรียมตัวก่นถอนฟันมีอะรบ้าง,6
การเรตียมตัวก่อนอถนฟันมีอะรไบ้าง,6
การตเรียมตัวก่นอถอนฟันมีอะรไบ้าง,6
การเตรียมการทำอะไรก่อนที่จะดึงฟันของฉัน,6
ขั้นตอนที่ควรทำก่อนที่จะกำฟันของคุณคืออะไร,6
การเตรียมการใดที่จำเป็นก่อนทำการสกัดฟัน,6
คุณเตรียมตัวอย่างไรก่อนการสกัดฟัน,6
ก่อนการสกัดฟันฉันควรเตรียมอะไร,6
ขั้นตอฆนการเตรียมตัวก่จอนถอนฟันมีอะไรฆบ้าง,6
ขั้นตอนการเตึรียมตัวก่อนถออนฟันมีอจะไรบ้าง,6
ขั้นตอการเตรียมตัวก่อถอนฟันมีอะรบ้าง,6
ขั้นตอนการเรียมตัวก่นถอนฟันมีอะรบ้าง,6
ขั้นตนอการเตรียมตัวก่อนถนอฟันมีอะรไบ้าง,6
ขั้นตอนการตเรียมตัวก่อนถอฟนันมีอไะรบ้าง,6
ควรเตรียมตัวสำหรับการสกัดฟันอย่างไร,6
ขั้นตอนที่ต้องดำเนินการก่อนการสกัดฟันคืออะไร,6
เราควรเตรียมความพร้อมก่อนที่จะทำงานทันตกรรมเช่นการสกัดฟัน,6
คุณจะเตรียมพร้อมสำหรับขั้นตอนทางทันตกรรมเพื่อให้แน่ใจว่าประสบความสำเร็จในการสกัดฟันของคุณได้อย่างไร,6
การเตรียมการคืออะไรก่อนการสกัดฟัน,6
อศาหารที่ควฯรหลีกเลี่ยงก่อนฟัน,6
อาหยารที่ซควรหลีกเลี่ยงก่อนฟัน,6
อาหรที่ควรหีกเลี่ยงก่อนฟัน,6
อาารที่ควรหีกเลี่ยงก่อนฟัน,6
อาาหรที่วครหลีกเลี่ยงก่อนฟัน,6
อหาารที่วครหลีกเลี่ยงก่อนฟัน,6
อาหารที่ไม่ควรบริโภคก่อนแปรงฟัน,6
การรับประทานอาหารที่ไม่แนะนำให้บริโภคก่อนปาก,6
ฟัน อาหารที่ไม่ควรกินก่อนที่จะเริ่มวงจรชีวิต,6
อาหารมากเกินไปสำหรับฟัน,6
อาหารเหล่านั้นที่ไม่ควรบริโภคก่อนปาก,6
การเุตรียมตัวก่อนเฃข้ารับฒการถอนฟันมีอะไรฤบ้าง,6
กงารเตรียมตัวก่อนเดข้ารับกาภรถอนฟันมีึอะไรบ้าง,6
การเตียมตัวก่นเข้ารับการถนฟันมีอไรบ้าง,6
การเรียมตัวก่อนเ้ารับารถอนฟันมีอะไบ้าง,6
กราเตรียมตัวก่นอเข้ารับากรถอนฟันมีะอไรบ้าง,6
ากรเตรียมตัวก่นอเข้ารักบารถอนฟันมีอไะรบ้าง,6
ขั้นตอนที่ต้องดำเนินการก่อนที่จะถอดฟันออก,6
การเตรียมการเป็นสิ่งจำเป็นสำหรับการดึงฟัน แต่ต้องทำตามขั้นตอนใดบ้าง,6
ขั้นตอนใดก่อนการสกัดฟัน,6
ปัจจัยใดที่ถูกนำมาพิจารณาก่อนการสกัดฟัน,6
การสกัดฟันเป็นอย่างไร,6
ต้อฦงเตรียมตัวก่ฤอนถอนฟันอย่าหงไร,6
ต้องรเตรียมตัวก่อนถทอนฟันอย่ัางไร,6
ต้งเตรียมตัวก่อนถอฟันอย่างร,6
ต้อเตรียมตัวก่อนอนฟันอย่างร,6
ต้องเรตียมตัวก่นอถอนฟันอย่างรไ,6
ต้องตเรียมตัวก่อนถนอฟันอย่างรไ,6
เราจะเตรียมพร้อมก่อนถอดผมได้อย่างไร,6
มีอะไรให้ทำเพื่อเตรียมการดึง,6
ควรใช้มาตรการใดเพื่อให้แน่ใจว่ากระบวนการสกัดพร้อมหรือไม่,6
เตรียมการสำหรับการดึง,6
เราควรเตรียมตัวอย่างไร,6
ข้อห้ามก่อนการถอนฤฟัน,6
ข้อห้ามก่อนฎการถอนฟัน,6
ข้อห้ามก่อนการถอฟัน,6
ข้อห้ามก่อนารถอนฟัน,6
ข้อห้ามก่อนการถนอฟัน,6
ข้อห้ามก่อนากรถอนฟัน,6
ไม่อนุมัติก่อนที่จะออกไป,6
การดำเนินการป้องกันก่อนที่จะลบสินค้า,6
การยกเว้นก่อนที่จะยก,6
คำเตือน ควรได้รับการพิจารณาก่อนที่จะถอดเรือสกัดออก,6
ข้อ จำกัด ในสถานที่ก่อนที่จะลบรายการ,6
ก่อนถอฦนฟันต้องงดอาหฐารกี่ชั่วโมศง,6
ก่อนถอนธฟันต้องงดอาหึารกี่ชั่วโฬมง,6
ก่อนถนฟันต้องงดอาารกี่ชั่วมง,6
ก่อนถนฟันต้องดอาหารกี่ชั่วโม,6
ก่อนอถนฟันต้องดงอาหารกี่ชั่วมโง,6
ก่อนถอฟนันต้องงดาอหารกี่ชั่วมโง,6
การลบฟันใช้เวลานานแค่ไหน,6
กรอบเวลาสำหรับการสกัดฟันเป็นอย่างไร,6
เมื่อใดที่เราควรพิจารณาว่ามีการลบฟันใช้เวลานานแค่ไหนในการทำหน้าที่ทันตกรรมเต็มรูปแบบ,6
ต้องใช้เวลากี่ชั่วโมงในการกำจัดฟัน,6
ระยะเวลาที่จำเป็นก่อนที่ฟันจะถูกสกัด,6
ก่อนถอนฑฟันต้องมีการปฅรึืกษากับทันุตแพทย์ไหม,6
ก่อนถฌอนฟันต้องมีการณปรึกษาฌกับทันตแพฯทย์ไหม,6
ก่นถอนฟันต้องมีการรึกากับทันแพทย์ไหม,6
ก่อนถนฟันต้องมีารปรึกากับทันแพทย์ไหม,6
ก่อนถนอฟันต้องมีกราปรึกษกาับทัตนแพทย์ไหม,6
ก่อนอถนฟันต้องมีากรปรึษกากับทันตพแทย์ไหม,6
จำเป็นต้องปรึกษากับทันตแพทย์หรือไม่,6
คุณต้องการติดต่อกับทันตแพทย์หรือไม่,6
เราควรพิจารณาพูดกับทันตแพทย์หรือไม่,6
ผู้เชี่ยวชาญด้านทันตกรรมจำเป็นต้องพบคุณหรือไม่,6
คุณต้องพูดกับทันตแพทย์หรือไม่,6
การำเตรียมตัวที่ควรทำำก่อนการถอผนฟัน,6
ฑการเตรียมตัวที่ีควรทำก่อนการถยอนฟัน,6
ารเตรียมตัวที่ควรทำ่นการถอนฟัน,6
กาเตรียมตัวที่ควรทำ่อนกาถอนฟัน,6
การตเรียมตัวที่ควรทกำ่อนการถอฟนัน,6
ากรเตรียมตัวที่วครทำก่อนการถนอฟัน,6
สิ่งที่ต้องเตรียมไว้ก่อนที่จะดึงออกมา,6
สิ่งที่ต้องทำก่อนที่จะดึงออกมา,6
การเตรียมการที่จำเป็นก่อนที่จะดึง,6
ข้อมูลที่ต้องมีการเตรียมการก่อนที่จะถอดร่างกายออกจากพื้นดิน,6
การเตรียมการที่ต้องทำก่อนที่จะถอดรถขุด,6
ก่อืนถอนฟันต้องุทำอะไรบ้าง,6
ก่อกนถอนฟันต้องาทำอะไรบ้าง,6
ก่อนถอนันต้องทำอไรบ้าง,6
ก่อนถนฟันต้องทำอไรบ้าง,6
ก่อถนอนฟันต้อทงำอะไรบ้าง,6
ก่นอถอนฟันต้องทำอะรไบ้าง,6
ขั้นตอนที่ต้องทำก่อนถอดฟันเป็นอย่างไร,6
ก่อนการสกัดฟันต้องทำตามขั้นตอนใด,6
ต้องดำเนินการขั้นตอนใดก่อนการสกัดฟัน,6
ควรเตรียมตัวสำหรับการสกัดฟันอย่างไร,6
ก่อนการสกัดฟันต้องดำเนินการขั้นตอนใดบ้าง,6
ทำไฃมบางครั้งถึงต้องปถอนฟัน,7
ทำไคมบางครั้งถึงต้องถอนภฟัน,7
ทไมบางครั้งถึงต้องถนฟัน,7
ทไมบางครั้งถึงต้องถนฟัน,7
ทำไมาบงครั้งถึงต้องถนอฟัน,7
ทำไมาบงครั้งถึงต้องถนอฟัน,7
อะไรคือเหตุผลที่ต้องกำจัดฟันในบางโอกาส,7
เหตุใดบุคคลจึงต้องเอาฟันออกในบางโอกาส,7
บุคคลที่มีจุดประสงค์ใดจำเป็นต้องลบฟันออกในบางโอกาส,7
บางครั้งทำให้ฟันบดในบางครั้ง,7
ทำไมบางครั้งผู้คนต้องเอาฟันออก,7
สฤาเหตุหลักที่ทฟำให้ต้องถอมนฟันคืออะวไร,7
สกาเหตุหลักที่ทำใสห้ต้องถอนำฟันคืยออะไร,7
สาเตุหลักที่ทให้ต้องถอฟันคือะไร,7
าเหตุหลักที่ำให้ต้องถอฟันคือะไร,7
าสเหตุหลักที่ทำหใ้ต้องถนอฟันคือะอไร,7
สาหเตุหลักที่ทใำห้ต้องถนอฟันคืออะรไ,7
อะไรคือสาเหตุหลักที่จำเป็นต่อการกำจัดของมัน,7
เหตุผลใดที่สำคัญที่สุดและต้องมีการลบ,7
ต้องกำจัดปัจจัยใดก่อน,7
อะไรคือเหตุผลหลักที่ต้องลบออก,7
อะไรคือปัจจัยสำคัญที่ต้องมีการหลีกเลี่ยงสถานการณ์,7
ฟันมีปัญหาุอะไรบ้างถึงต้องถอฅน,7
ฟันมีปัญหาอะไฆรบ้างถึงต้องฤถอน,7
ฟันมีปัญหาอะไบ้างถึงต้องอน,7
ฟันมีปัญหาอะไร้างถึงต้อถอน,7
ฟันมีปัญหอาะไรบ้างถึงต้องถนอ,7
ฟันมีปัญหาะอไรบ้างถึงต้องถนอ,7
คุณเผชิญหน้ากับอุปสรรคอะไรบ้างเมื่อถอนตัว,7
คุณจัดการกับความท้าทายในการถอนได้อย่างไร,7
มีปัญหาอะไรเกิดขึ้นจากการถอนตัวของคุณ,7
ปัญหาใดที่คุณต้องกล่าวถึงเมื่อถอนตัว,7
คุณต้องเอาชนะความท้าทายอะไรบ้างเพื่อออกจากโลกนี้,7
สาเฦหตุที่ต้ะองถอนฟันมีอะภไรบ้าง,7
สาธเหตุที่ต้องถมอนฟันมีอฎะไรบ้าง,7
าเหตุที่ต้องถอนันมีอะไบ้าง,7
สาเตุที่ต้อถอนฟันมีะไรบ้าง,7
สเาหตุที่ต้องอถนฟันมีอะไบร้าง,7
สาหเตุที่ต้อถงอนฟันมีอะรไบ้าง,7
ทำไมจึงจำเป็นต้องสกัดฟัน,7
อะไรคือความเสี่ยงที่อาจเกิดขึ้นจากการทำงานทันตกรรม,7
อะไรเป็นแรงบันดาลใจให้กระบวนการสกัดฟัน,7
เพื่อจุดประสงค์ใดควรสูญเสียฟัน,7
เมื่อใดที่เราควรพิจารณาว่าฟันของพวกเขาจะถูกลบออก,7
ทถำไมต้อุงถอนฟัน,7
อทำไมต้ฑองถอนฟัน,7
ทำไม้องถอนัน,7
ทำมต้อถอนฟัน,7
ทไำมต้งอถอนฟัน,7
ำทไมต้องอถนฟัน,7
อะไรคือเหตุผลในการบดฟัน,7
ด้วยเหตุผลอะไรที่คุณต้องเอาฟันออก,7
ทำไมคนถึงต้องสกัดฟัน,7
อะไรทำให้ฟันสกัด,7
ทำไมคุณต้องตัดฟัน,7
ถอวนฟันจัำเป็นต้องทำหหรือไม่?,7
ถฒอนฟันจำุเป็นต้นองทำหรือไม่?,7
ถอฟันำเป็นต้งทำหรือไม่?,7
อนฟันจำเ็นต้อทำหรือไม่?,7
อถนฟันจเำป็นต้องทำรหือไม่?,7
ถนอฟันจำปเ็นต้งอทำหรือไม่?,7
เราต้องเอาฟันออกมาหรือไม่,7
การกำจัดฟันเป็นข้อกำหนดหรือไม่,7
ฉันควรพิจารณาฟันหรือไม่,7
ต้องได้รับการรักษาทางทันตกรรมเพื่อกำจัดฟันของพวกเขาหรือไม่,7
ขั้นตอนการกำจัดฟันเป็นสิ่งจำเป็นหรือไม่,7
อชาการที่บ่งฯบอกว่าถึงเวลาดที่ต้อองถอนฟัน,7
อากฃารที่บ่งบัอกว่าถึุงเวลาที่ต้องถอนกฟัน,7
อากาที่บ่งบกว่าถึงเวลาี่ต้องถอนัน,7
อาการี่บ่งบอว่าถึเวลาที่ต้องถอฟัน,7
อาากรที่บ่บงอกว่าถึงเวลทาี่ต้งอถอนฟัน,7
อกาารที่บ่งบกอว่าถึงเลวาที่ต้อถงอนฟัน,7
สัญญาณว่าถึงเวลาที่จะดึงฟันของคุณออก,7
สัญญาณเตือนการกำจัดฟันเมื่อถึงเวลาที่จะลบออก,7
อาการที่แนะนำว่าถึงเวลาที่จะนำฟันของคุณออกไป,7
สัญญาณ Proneotypical ที่ระบุว่าถึงเวลาที่จะสกัดฟัน,7
ข้อบ่งชี้ว่ามีความเหมาะสมที่จะดำเนินการทางทันตกรรมเช่นเลือดออกหรือไม่สบาย,7
ฟันผุสามารญถกรอหรืออุดแทษนถอนฟันได้มั้ย,7
ฟันผุสหามารถกรอหรืออุดฃแทนถอนฟันได้มั้ย,7
ฟันผุสมารถกรอหรืออุดทนถอนฟันได้มั้ย,7
ฟันผุามารถกรอหรืออุดแทนอนฟันได้มั้ย,7
ฟันผุสาามรถกรอหรืออุดทแนถอนฟันได้มั้ย,7
ฟันผุสามารถกรอรหืออุดแทนถอฟนันได้มั้ย,7
เป็นไปได้ไหมที่ฟันจะสลายตัวหรือเต็มไปด้วยฟันอื่น,7
ฟันสามารถเติมเต็มหรือได้รับผลกระทบจากการสลายตัวหรือไม่,7
มีโอกาสที่ฟันผุหรือเป็นไปได้ไหมที่จะเติมเต็มรูในโพรงฟัน,7
ฟันจะเติมเต็มหรือสามารถสลายตัวได้หรือไม่,7
เนื้อเยื่อฟันสามารถสลายหรือเปลี่ยนโครงสร้างฟันด้วยใหม่ได้หรือไม่,7
ฟันผุขนาดไหนซถึงต้ฉองถอนออก,7
ฟันผุขนาดคไหนถึงต้ภองถอนออก,7
ฟันผุนาดไหนถึงต้องอนออก,7
ฟันผุขนาดไหถึงต้องถอนอก,7
ฟันผุขนาดหไนถึงต้องอถนออก,7
ฟันผุขนาไดหนถึงต้องถอนอกอ,7
ฟันควรถูกดึงที่ไหน,7
ควรดึงฟันในสถานที่ใด,7
สถานที่ที่จะลบฟันเป็นอะไร,7
การสกัดฟันที่จุดใด,7
ในตำแหน่งใดที่ควรวางบนฟัน,7
ดูแลสุขภาพทช่องปากอฦย่รางไรให้แข็ิงแรงไม่ฟันเสีฅยจนต้ภองถอนฟัน,7
ดูแลสุขภฏาพช่อศงปากอย่ฌางไรให้แข็ดงแรงไม่ฟันเสีผยจนต้องณถอนฟัน,7
ดูแลสุขภพช่องปกอย่างไรใ้แข็งรงไม่ฟันเสียจน้งถอนฟัน,7
ดูแลสุขาพช่องากอย่าไรให้แข็งแงไม่ฟันเสียจต้องถนฟัน,7
ดูแลสุภขาพช่องปกาอย่างไใรห้แข็แงรงไม่ฟันเสีจยนต้องถนอฟัน,7
ดูแลสุขภาชพ่องาปกอย่งาไรให้แข็งแงรไม่ฟันเสีจยนต้องถอฟนัน,7
วิธีรักษาสุขอนามัยในช่องปากที่ดีโดยไม่สูญเสียฟันจนกว่าจะจำเป็นต้องมีการสกัด,7
เมื่อรักษาสุขอนามัยในช่องปากสิ่งสำคัญคือต้องป้องกันการสูญเสียฟันจนกว่าจะมีการดำเนินการทางทันตกรรมที่จำเป็น,7
ในแง่ของการรักษาสุขอนามัยในช่องปากที่ดีขั้นตอนใดที่สามารถดำเนินการเพื่อป้องกันการสูญเสียฟันจนกว่าการสกัดจะเสร็จสมบูรณ์,7
การรักษาสุขอนามัยในช่องปากที่ดีนั้นเกี่ยวข้องกับการหลีกเลี่ยงการสูญเสียฟันจนกระทั่งขั้นตอนในภายหลังเช่นการสกัด,7
อะไรคือขั้นตอนในการรักษาสุขอนามัยในช่องปากที่ดีในขณะที่หลีกเลี่ยงการสูญเสียฟันที่อาจส่งผลให้เกิดการสกัดฟัน,7
ชอาการแบบไหนถึงต้องถอมนฟัน,7
อาการแบบไหฝนถึงต้องถธอนฟัน,7
อาการแบบไหนึงต้องถอฟัน,7
อากาแบบไหนถึงต้องถอนัน,7
อาการแบบหไนถึงต้งอถอนฟัน,7
อาการบแบไหนถึงต้องอถนฟัน,7
อาการประเภทใดที่จำเป็นต้องมีการแทรกแซง,7
สิ่งบ่งชี้ใดจะต้องถูกนำขึ้นมาเพื่อรับการรักษา,7
ต้องตรวจสอบสิ่งบ่งชี้ประเภทใด ’‘ ผลลัพธ์สุดท้าย,7
อาการใดที่ต้องลบออก,7
ต้องลบอาการประเภทใด,7
ปิวดฟันแล้วต้องถอนซฟันไฤหม,7
ปชวดฟันแล้วต้ำองถอนฟันไหอม,7
วดฟันแล้วต้งถอนฟันหม,7
ปวฟันแล้วต้องถอฟันหม,7
วปดฟันแล้วต้องอถนฟัไนหม,7
ปดวฟันแล้วต้องถอฟนันหไม,7
มีอาการปวดฟันและจำเป็นต้องเอาฟันออกหรือไม่,7
คุณประสบความรู้สึกไม่สบายและต้องการฟันหรือไม่,7
มันบ่งบอกถึงปัญหาเกี่ยวกับความเจ็บปวดในฟันและจำเป็นต้องสกัดฟันหรือไม่,7
จะมีอาการปวดฟันและต้องสกัดหรือไม่,7
ฉันมีอาการปวดฟันและต้องเอาฟันออกหรือไม่,7
เหตุใดที่จนำเป็นต้องทพำการถอนฟัน,7
เหตุใดที่จำนเป็นต้องฒทำการถอนฟัน,7
เหตุใดที่จำป็นต้องทำารถอนฟัน,7
เหตุใดที่จเป็นต้องทการถอนฟัน,7
เหตุใดที่จเำป็นต้องทำการถอฟนัน,7
เหตุใดที่จเำป็นต้อทงำการถอนฟัน,7
ทำไมคนถึงต้องถอดฟันออก,7
อะไรคือเหตุผลในการบดฟัน,7
การสกัดฟันเป็นประโยชน์ต่อสุขภาพทันตกรรมของผู้ป่วยอย่างไร,7
เพื่อจุดประสงค์ใดที่เราจำเป็นต้องทำการสกัดฟัน,7
อะไรคือเหตุผลที่ต้องกำจัดฟัน,7
ฟันต้องมีปัญหามากขนาฒดไหนถึงจะตเองถอถนออก,7
ฟันต้องมีปัญหามากขนาดไธหนถึงจะดตเองถอนออก,7
ฟันต้องมีปัญหามากขนาไหนถึงจะตเองอนออก,7
ฟันต้องมีปัญหามากขนาดไหถึงจะตเองถอนอก,7
ฟันต้องมีปัญหามากขนาดไหถนึงจะตเองถอนออก,7
ฟันต้องมีปัญหามากขนาดหไนถึงจะตเองถอนออก,7
ที่จะถอนออกจำนวนของปัญหาที่ต้องถอนออกคืออะไร,7
จำนวนของปัญหาที่ต้องถอนตัวคืออะไร,7
จะต้องถอนปัญหากี่ปัญหาก่อนที่จะเริ่มการถอนได้,7
กระบวนการถอนตัวหยุดเป็นตัวอย่างจากการลบปัญหาที่จุดใด,7
เมื่อใดที่การถอนออกเป็นสิ่งจำเป็นและต้องถอนปัญหากี่ปัญหา,7
งทำไมบางครั้งกปารรังกษาฟันไม่สฮามารถแก้ไขได้และต้องถอนออาก,7
ทำไหมบางครั้งกทารรักษาฟันไม่สาฬมารถแก้ไขได้แลฤะต้พองถอนออก,7
ทำไมบางคั้การรักาฟันไม่สมารถแก้ไขได้ละต้องถอนออก,7
ทำไมบางครั้งการรัษาฟันไม่สมารถแก้ไได้แลต้อถอนออก,7
ทไำมบางครั้งการรักาษฟันไม่สามารแถก้ไขได้ลแะต้องถอนอกอ,7
ทำไมบาคงรั้งการรักษฟาันไม่สามาถรแก้ไขดไ้แลตะ้องถอนออก,7
อะไรทำให้ผู้คนถอนตัวเมื่อไม่มีทางออก,7
ทำไมบางคนถึงไม่แก้ไขปัญหาและต้องถอนตัว,7
บางครั้งบุคคลพบว่าเป็นการยากที่จะแก้ไขปัญหาและต้องถอนตัว,7
มีกรณีที่บุคคลต้องถอนตัวโดยไม่ต้องแก้ไขปัญหา,7
อะไรทำให้บุคคลถอนตัวซ้ำ ๆ เมื่อไม่มีวิธีแก้ปัญหา,7
การถอนฟันมีควาฟมจำเป็นามากข้อยขนาดไหะน,7
กาึรถอนฟันมีควาธมจำเป็นบมากข้อยขนาดไหน,7
กาถอนฟันมีความจำป็นมากข้อยขาดไหน,7
กรถอนฟันมีความำเป็นมกข้อยขนาดไหน,7
ากรถอนฟันมีความจเำป็นมาขก้อยขนาดไหน,7
กราถอนฟันมีความจำเป็นมกาข้อยขานดไหน,7
ค่าใช้จ่ายในการสกัดทันตกรรมมีค่าใช้จ่ายเท่าไหร่,7
การสกัดฟันมีค่าใช้จ่ายเท่าไหร่,7
ฉันต้องใช้จ่ายเงินเท่าไหร่ในการสกัดทางทันตกรรม,7
คุณช่วยบอกค่าใช้จ่ายในการสกัดทางทันตกรรมได้ไหม,7
ป้ายราคาสำหรับการสกัดฟันเสร็จแล้ว,7
สาศมารถถอนฟัขนเองได้ไหม,7
สามฌารถถอนฟันเองัได้ไหม,7
สามารถถนฟัเองได้ไหม,7
สามารถอนฟันเองไ้ไหม,7
สามารถถอฟนัเนองได้ไหม,7
าสมารถถอนฟัเนองได้ไหม,7
เป็นไปได้ไหมที่จะดึงฟันของคุณเอง,7
คุณสามารถดึงฟันของคุณเองได้หรือไม่,7
จะอนุญาตให้ดึงฟันของคุณเองออกมาได้หรือไม่,7
เป็นไปได้ไหมที่คุณจะสกัดฟันของคุณ,7
บุคคลสามารถลบฟันของตัวเองได้หรือไม่,7
